system:index,A00,A01,A02,A03,A04,A05,A06,A07,A08,A09,A10,A11,A12,A13,A14,A15,A16,A17,A18,A19,A20,A21,A22,A23,A24,A25,A26,A27,A28,A29,A30,A31,A32,A33,A34,A35,A36,A37,A38,A39,A40,A41,A42,A43,A44,A45,A46,A47,A48,A49,A50,A51,A52,A53,A54,A55,A56,A57,A58,A59,A60,A61,A62,A63,state,.geo
00020000000000000098,0.02255251532887943,-0.15606423407983377,0.04467365692718004,0.07193841313878198,-0.039890225979091976,-0.12778560260213265,-0.01546883898533893,0.08061405955444767,-0.023145638534037363,-0.10833665669193959,0.12557808201494275,-0.10467540928719038,-0.2865989640423933,-0.05577274698315435,0.09881520235717885,-0.05901909300980274,-0.12814796541501566,0.050827154583882955,-0.03626714127183932,-0.1694565565835885,-0.09540799052335208,0.05275829040052128,0.18146339473051518,-0.07024462329453852,-0.1385981441274751,-0.011885911126755454,0.12302261778859934,0.07499416091668533,-0.0901381898913093,0.036992448518094016,0.019620476541403677,0.08819841657172386,-0.03826875528758431,-0.01552075088657534,0.10573618292975227,-0.12751611477980196,0.07561653809453214,-0.06329788297962288,0.05523884257546042,-0.032897000983359174,0.06645369435576594,-0.09894308534162695,-0.22829461170695986,0.06971172521981933,0.004565998212677955,-0.019930675531639897,0.041593949984909145,-0.03500648549283214,-0.17480905918757314,-0.20180642302960067,0.08555600243689734,0.1508555563614762,-0.01161818894198789,0.038747639490509675,0.090500013430787,0.05090548861752973,-0.1349708821186833,-0.03804035701871814,-0.15112698301038474,-0.3192431851890544,0.005993797794518233,-0.07715374457429898,0.041326821683404825,-0.030895483930676124,Aguascalientes,"{""type"":""MultiPoint"",""coordinates"":[]}"
00020000000000000099,0.14558438208877827,0.12500394617950514,0.024796243985047775,0.03523738078491675,-0.09606216995276781,-0.02859667785319124,0.0019321180778727083,0.10960173138273241,-0.08368280972544241,-0.08986383228981334,0.1645713462740342,0.03894995187205536,-0.1931362813110148,-0.09663002680248473,0.09478578488464488,0.07183113709139145,0.07364933945312492,0.16948150067513712,0.06230214207961975,0.062413397093948,-0.023256154393544726,-0.044022566716422226,-0.06807098021063421,0.014987419297769478,-0.09628208506097334,0.03333265793117366,-0.05165870101478579,-0.039132207606838824,0.1506740044826108,0.10627986632113148,0.13392503996433247,-0.025676386997196668,0.06130716430435483,-0.10171651591606229,-0.06923943336595255,0.04990137674047421,0.016393546811843823,0.005966376587470801,-0.11628520049940959,0.10663775826968082,0.20688889677004002,-0.11002268109928674,0.05523132185745064,-0.07773465791656543,0.07354100718388053,0.038252632525032124,0.009323986523311697,0.07414516544736106,-0.04264682900638229,-0.07956779702070779,-0.06138450248285147,-0.042805306537330806,0.11876827027775386,-0.042802946093998435,0.028585817778876744,0.01914558437809119,0.027674851773699615,-0.06793392066349536,-0.07566562120607503,-0.15681899070501215,0.0038456448828278296,0.02094576168978596,0.018416180427297493,0.017874900737052182,Baja California,"{""type"":""MultiPoint"",""coordinates"":[]}"
0002000000000000009a,0.1282514500423229,0.13494894242236558,0.04253174971072076,0.04893566174411087,-0.1785236215177983,-0.06824992022805161,-0.024729392439485114,0.10669426083037553,-0.14564942919756962,-0.033656168444276144,0.19119339261534712,0.09641459108684691,-0.14519213184402285,-0.06766913436901277,0.0046099221467057845,0.14996639772974826,0.1660892670325728,0.20287248731902716,0.06529868719762821,0.11796119711712759,-0.06937056009471686,-0.026083188436953,-0.020756507375886676,0.05382596398482062,-0.08326070537150057,0.00804982614653143,-0.017059041135327253,-0.004176758380678108,0.04899460722750984,0.123164389801711,0.090743565409225,-0.021302100622935395,-0.01775980182020795,-0.13623841633530176,-0.08542743838466142,0.012212657763947391,-0.026033831177279233,0.002434579028946163,-0.06086238684930772,0.17890853732209008,0.24390646893896278,-0.09226632015000193,-0.01568850605103067,-0.01928688293054526,-0.021798327391200648,-0.017000168148315283,-0.010256253204921583,0.0464914611145634,0.03874918679900343,-0.02478776756495091,-0.09383123522533056,-0.02352527740141046,0.07907080369273155,0.03818735977617547,0.04946865302652169,-0.046966442186863216,0.10727804555850277,-0.02235952370326782,-0.11538707161569442,-0.17554921469510926,-0.018510645681630234,-0.017001994174963727,-0.020653996774413947,0.052913758446542114,Baja California Sur,"{""type"":""MultiPoint"",""coordinates"":[]}"
0002000000000000009b,-0.008447581378575533,-0.09643269637347295,-0.017876644971718404,-0.06524876882991157,-0.19729904908867638,-0.08215370555354828,0.11388209997466398,0.11333576225267958,-0.14123317398065924,0.07113819136162441,-0.010269280101845283,0.11801798483650484,-0.16003552595956558,0.05409721270287257,-0.05329885873865153,0.10808279857467894,0.0067571110105259695,0.06419454325446426,-0.04094900698474335,-0.0435866785513693,-0.2622017406084287,0.17895948671744327,0.2012358785255419,-0.052483573203295136,-0.04910119734576909,0.03514590885707709,0.14560691791797728,0.022265187323520286,-0.14230842522608717,0.2247542014690759,0.0658502586641807,-0.05672521568048361,0.13141505942186463,-0.03504512641762412,-0.10597445409990022,-0.050332094559177844,0.016475075490409267,-0.052181315335161835,0.010518638268604781,-0.03568357310316072,0.09591171479172639,-0.1162313906790566,0.06186326669160453,0.22151666927054908,-0.056796849422512154,-0.029474784018924356,-0.16273382096600436,-0.09879208842116774,0.10738480916837602,0.012113005395589524,-0.04435136831665125,-0.13941509100475222,-0.05352723400049817,0.056955348612533534,-0.05583903477680496,0.02993740266900211,0.03206442392446899,-0.03428011711514599,-0.11113262509944323,-0.22062646713440506,0.08279063990758616,-0.12085400199523684,-0.09508299356740384,0.0180487364532517,Campeche,"{""type"":""MultiPoint"",""coordinates"":[]}"
0002000000000000009c,-0.0013413083047332133,-0.10316169104911498,0.06522113602307018,-0.0313964618103618,-0.041567421705159806,-0.1035379573913598,0.04340143536513102,0.10931459494662157,-0.011661969714136553,0.02083138643782358,0.023450650683089554,0.07043317975910311,-0.24774259243972147,0.05869827267596134,0.013112988043961354,-0.016920846105455065,0.014533778439548745,0.03967796234223334,-0.13102138737234362,-0.10980487430921589,-0.26958885746885053,0.13192843570449667,0.05619264808502969,-0.08600599760139063,-0.06598415429314272,-0.0012285104480525963,0.13478395505747373,-0.06088996556634478,-0.1857150387814658,0.09052987770141535,0.02628507436219155,-0.02354726840528929,0.051726638846204306,0.023152241044079425,-0.0459030260235004,-0.04442412469290559,0.014167314748526718,-0.07750349395740778,-0.005661827651316582,-0.11015530896866603,0.07332922760635903,-0.15133430025737551,-0.09039652179038037,0.27190890053413835,-0.08370950116421688,0.016712345353784474,-0.10662345881752477,0.030038119857200302,-0.07589532163514658,-0.05150529207075559,0.02552948075990197,-0.1090642461866492,0.03721290978267751,0.0347674902436601,0.06436133146816629,-0.004531378287144543,0.011416507322267563,-0.035040231959922064,-0.10842640533669583,-0.28747520345600003,0.06424796712816629,-0.11207712082677973,-0.011671625479836625,-0.06684992266017246,Chiapas,"{""type"":""MultiPoint"",""coordinates"":[]}"
0002000000000000009d,0.11393961321040627,-0.0038284340421347713,0.04246148966578193,0.06300066748279007,-0.02155744596454653,-0.04070516045235845,-0.05086693023522934,0.12499318085843492,-0.04774782365192418,-0.07257303456022701,0.10687454366648216,-0.025242409667733483,-0.215204859697162,-0.11380623223250393,0.12138000566472608,0.01680303707727677,-0.11186434872943453,0.09478510205559838,0.07061133386712172,-0.11738039705358862,-0.0843134814249272,-0.05277364863362992,0.05754511651412578,-0.019232255899252915,-0.19386705485417813,0.05419011157207224,0.0031998742588135397,0.0032068589896886907,0.042199324294191404,0.08304822064486383,0.10718331455300643,0.027825313905293952,0.08150798571844045,-0.03459264881093627,0.06091364045507601,-0.022251998051645388,0.07757208891316085,-0.03996644130407981,-0.029348835806126867,-0.06343045233403662,0.1700129149986989,-0.051012437438154354,0.010674235546628037,-0.06218842447844967,0.05346194165469466,0.11148329347198997,0.05841557439278096,0.007454617448901578,-0.11399145420271468,-0.20350604715631881,0.0016688916701788745,0.019049140345762328,0.059162252576699055,0.03461644855104131,0.08745083949800793,0.038773853438769754,-0.15134048824746535,-0.08069511142640115,-0.06712677940764677,-0.1944334335694918,-0.011627837185166707,-0.002087156418001858,0.06313535947739535,-0.025255885276278187,Chihuahua,"{""type"":""MultiPoint"",""coordinates"":[]}"
0002000000000000009e,0.11097774508792085,-0.01789967033248079,0.021190795120610322,0.1954766054528889,-0.018149225937155403,-0.12246438059303451,-0.08169186268543374,0.08635954230835638,-0.12605414351231745,-0.054638053889783975,0.09739523653495948,-0.023416687202280795,-0.21232385945358564,-0.17098425467572873,0.07484799445083923,0.028645987066545184,6.73345259884724E-4,0.172374554907447,0.1005611573000997,-0.1046997522374189,-0.12462177800432692,-0.0058255062968291015,-0.017913529893335202,0.024981208723198308,-0.17717027839162955,0.045660074074082464,0.03846667950649595,0.042753511732230305,-0.061873526755038745,0.09499585850890606,0.10386794926750292,-0.0188080539034228,0.10631456035927361,-0.04183992638518413,0.029322333753496722,-0.001474958212474186,0.03949011359838035,-0.06393964526404847,-0.0689716416558675,0.0364476218082693,0.2259806506978975,-0.0714977804753517,-0.019392531043504465,-0.014142596834551897,0.03393067189275027,0.07974022951347236,0.057714409746051513,0.011521184988102107,-0.06641437336193183,-0.16528295816642405,-0.020246834323216625,0.007672970266765773,-0.027580758439698528,-0.010104994365687476,0.08812029960286323,0.05790901444179019,-0.10567259103025095,-0.046308400328560505,-0.021664108982574426,-0.23949804800031824,-0.06692114308086675,0.02169450811844128,0.0959527125373835,0.0636548515610154,Coahuila,"{""type"":""MultiPoint"",""coordinates"":[]}"
0002000000000000009f,-0.016969290891194862,-0.12169966999964217,0.10314307875921198,-0.11790401864388403,-0.08911955680015002,-0.12508265018127737,0.005512797958872491,0.15970272087730003,-0.08167553657728933,-0.012261712675842877,0.038624260912485664,0.13128821662707216,-0.24645630669945243,0.002068399009265968,0.03113924043273855,0.07091366026900474,-0.007037929717384459,0.05230269874467387,-0.1097884694849872,-0.033805651571259226,-0.25475686695123256,0.15220718351137505,0.14277618533687444,-0.08195565586136529,-8.937667618390911E-4,-0.030747843825747613,0.06037365483201457,0.09625290479879937,-0.13673497939314597,0.08749433185716887,0.04985924870685361,0.08365101301926792,0.025482037167447076,0.008170406370993998,-5.34019953058267E-4,-0.04550340252161613,0.060654411540437936,-0.006880846558777884,0.11355148600936826,-0.08211020781198101,0.11093607626792097,-0.1623696169880451,-0.07897772221701181,0.2422864072422745,0.04623232386039311,0.01390850372900592,-0.05874970315545894,0.01542798510150951,-0.018364981547850472,-0.031110811853027113,0.03058765618456194,0.0011668775075798863,0.006283864988492133,0.01943222806841468,0.07520480903842275,-0.053023141982285554,-0.028637191679836766,-0.07531080803763834,-0.16256128412061183,-0.2381839252971032,0.17807855868493336,-0.13956253827917706,0.009407144523054271,-0.053899464713467585,Colima,"{""type"":""MultiPoint"",""coordinates"":[]}"
000200000000000000a0,0.08871502623630356,-0.23127740983295905,0.033737530723944996,-0.002379124861954882,-0.019569932667754024,-0.1016967520433019,0.004866502661762145,-0.011294887458648631,-0.04036060972211994,0.03346165869010009,0.1270376493216823,-0.0896186330509382,-0.25437861489436014,-0.04692860786192705,0.006687453718143914,-0.08279788381491231,-0.12290600479627994,-0.027047566121230434,-0.00645248631012849,-0.13955982361972974,-0.05380302352959806,0.018431651112621964,0.15012756552861325,-0.15554071307978432,-0.07823289477470947,0.023469179426527393,0.0010491854083026979,0.035128524340375174,-0.02375021666390425,-0.001189341255768263,0.012652956541961153,0.07772527829790199,-0.0933270571609508,-0.006045932245865181,0.11054354536156885,-0.12670098205983135,-0.025995762651855218,-0.09143482657501646,0.04051597656496884,-0.10127872296735295,-0.05384938270903876,-0.08794743729696933,-0.23512162320409416,0.1273142979872493,0.019023691356985284,-0.02080689880581041,-0.07275606174700945,0.05974960158314368,-0.13740275704094143,-0.0967051989317915,0.077456266838427,0.0630770007803993,-0.006531769144171234,0.1006689218449456,0.12087314791862303,-0.11080849089059598,-0.03214178338644343,-0.011499660187164197,-0.2003907878004815,-0.3095166973748384,0.06788467119865241,-0.06279153698601164,-0.09842201076958683,-0.05751449861105112,Distrito Federal,"{""type"":""MultiPoint"",""coordinates"":[]}"
000200000000000000a1,0.07379546295059139,-0.10885964406074614,0.04030866051553684,0.02855049359391748,-0.0458972941670986,-0.1182178340185091,-0.057393869139846364,0.14576532114863533,-0.026390051292759557,-0.062420047058509925,0.08570877505835432,-0.03811846071888248,-0.22130639842452976,-0.08991349922177043,0.12291287203808726,0.012515112205060823,-0.14198870608796324,0.10354055504561774,-0.019990481676662147,-0.13862713391848758,-0.09895754682920753,-0.03313530524271936,0.1477838688508047,-0.05593384270456889,-0.10927659106264616,0.012686614596174867,0.0305060585641616,0.0990596399209544,-0.03047518285385031,0.04392417861739438,0.09425331242155616,0.10361504607406002,0.022380917890177904,0.04585149715294796,0.06209226399551097,-0.06152300976287505,0.06431814508295718,-0.04120534914412746,0.05439169886023298,-0.07014242911584809,0.0954046512820181,-0.08055744890891091,-0.11110040178872302,0.049708644655217085,0.05909130026454093,0.06164840979813772,0.027724327258186746,0.026233965078064754,-0.13555709040947586,-0.18383877865550574,0.0728668353114343,0.04157616496386601,0.029743115761487793,0.058603157185430285,0.08493009430395129,-0.024782650620653237,-0.15065276739056171,-0.06524891513965451,-0.08654974450985782,-0.27887776940746384,0.02861638019172657,-0.05926334738976611,0.053762595779076626,-0.05764660942182237,Durango,"{""type"":""MultiPoint"",""coordinates"":[]}"
000200000000000000a2,0.017755966757722362,-0.18404870568824316,0.08649291654421654,0.03730949988597459,-0.07656779783111396,-0.158322638877126,-0.05112947705728332,0.09273441844170566,-0.013113574782245091,-0.08310010159694245,0.117760802773911,-0.059086677786996,-0.24097177105533998,-0.07560506061976642,0.08980611049122215,-0.004002352222161346,-0.1068184749780164,0.020713582498571075,-0.06538342576345799,-0.14284553557993993,-0.117629135032168,0.09064002430110467,0.18301509634070337,-0.04600873173746745,-0.10931292653077539,-0.03559988941760017,0.08826975187362313,0.07284071882359275,-0.08996071437195478,0.06914064266409689,0.03319361394876256,0.0232848356409106,-0.026534372370109353,-0.0031441588422565967,0.10199328022206053,-0.07638468293827137,0.036027641967469,-0.045171209892080275,0.06827086974725205,-0.06336628947100674,0.03439468779557708,-0.0697162804923918,-0.2240418737877671,0.12956853052010356,-0.010575289030930782,-9.220996996766631E-5,0.012073292314596756,-0.002406595509490544,-0.1736222703587518,-0.19545687277896576,0.08333384136656635,0.14495953403927078,-0.0029625384613091144,0.05986788492016935,0.08200960786201612,5.856415077647646E-4,-0.08090632783681467,-0.061752051835345975,-0.1875339483561667,-0.3579085926902927,-0.033231172024888685,-0.07761339693728528,0.040462760791215684,0.011144759427518837,Guanajuato,"{""type"":""MultiPoint"",""coordinates"":[]}"
000200000000000000a3,-0.013023096628064614,-0.11527519586356039,0.08692162532382641,-0.09119236862032062,-0.06467074305560466,-0.17048557101151288,-0.02991164156232193,0.16196978925714328,-0.028042193039611897,-0.012791682734174775,0.04690684759191765,0.05419650999584761,-0.262871477731747,-0.016356003201599023,0.0039018281673035434,0.006339111202568985,-0.033523212668675834,0.06387542637503774,-0.15933997176494955,-0.06902503282387445,-0.2384702968030298,0.0724338094196075,0.12709159504931905,-0.0828339473516326,0.013531035075397765,-0.04405128590933265,0.08063614041931451,0.06139380608906891,-0.17236787840148493,0.07069094501886035,0.029004298927374935,0.10243527100515766,0.02042797990579922,0.04004782745320587,-0.004397170614963225,-0.08507027973660346,0.04047925733718245,-0.03487647775418248,0.11717604998363355,-0.09250726084080062,0.05792988267069473,-0.1781190623633132,-0.1487624232624296,0.23482948054304195,0.0209780561515867,0.0015972107109116743,-0.05339057548385591,0.07438312062108289,-0.07237827895775426,-0.08613574732612098,0.0844329259918966,4.8729916107770696E-4,0.06020594896148531,0.016617961534846556,0.07184030512087226,-0.03002416531293726,-0.027012383761228373,-0.07973094224225383,-0.1139039229981781,-0.2702048820754092,0.09999626264625262,-0.10938954736944209,0.006736175085906936,-0.08049834716314727,Guerrero,"{""type"":""MultiPoint"",""coordinates"":[]}"
000200000000000000a4,0.040247974226323015,-0.1403729686592921,0.06303385263404905,0.04488271596062338,-0.032971807960393444,-0.16899120148769356,-0.05439182041191184,0.09907571291248934,0.0015974445657336684,-0.03514367253354126,0.09249480757617524,-0.05213668996493628,-0.262340254142501,-0.031982960246104655,0.05681468738529921,-0.04373137570812983,-0.07426487651426393,0.055553102106930714,-0.07961799829074326,-0.14290465135127103,-0.17929553040357651,0.09308324906929825,0.09368774477554995,-0.10071206669629865,-0.08411475662834138,-0.013464526148534769,0.09712155006371931,0.02345627846545696,-0.10912691904127145,0.06716858526101648,0.04000537260799902,0.042155410339019914,0.026900624928488572,0.04978057072579063,0.01509138075723985,-0.0656563065883478,0.031096755669220464,-0.07128734462981885,0.020890220238321208,-0.05819931779987106,0.012282156801704233,-0.07087984143518175,-0.1713822812501348,0.14605150123672142,-0.022771889588000572,-0.01564830641625264,-0.03281075595443883,0.04255738769676115,-0.12356558559810285,-0.11636139417937914,0.06791496273829803,0.012175165781022585,0.015593800168969094,0.07570559616473672,0.09379733186603591,-0.03837171895485508,-0.05053169751137791,-0.07312945770653609,-0.14096405533673978,-0.3372496158463642,0.0186516658954154,-0.10296351908374443,0.006086792901090549,-0.03265506302409225,Hidalgo,"{""type"":""MultiPoint"",""coordinates"":[]}"
000200000000000000a5,0.022615503678235897,-0.13104450749424934,0.07288424227861663,-0.043740223727271106,-0.06232760878253463,-0.16023924750818688,-0.022372272215516253,0.14316215177168312,-0.023112760856931563,-0.06743540894629278,0.09229149485707773,-0.004479571005438053,-0.25523640677649106,-0.023889679823640153,0.06337353880190193,0.014702798032455739,-0.08216943442293925,0.044729307004653,-0.10806190396291923,-0.11815282306603755,-0.1778723742049957,0.05376142169187689,0.19891864957385016,-0.07799571069603028,-0.04420050919235381,-0.05182014552428075,0.08702868862413474,0.08119181894661263,-0.10825810230055204,0.06477198753253093,0.023716352652730827,0.08285014648902136,-0.011912264427757552,0.016844212237465832,0.045563974976058436,-0.10654202055270742,0.038151051037041445,-0.023745645597411325,0.09516114271143468,-0.0788922327305861,0.06380653139783966,-0.12834544533396294,-0.18015375393749716,0.1837849342545295,0.02449495903032539,0.021214091178673473,-0.021256185424014817,0.020029338248344925,-0.10581163514499668,-0.1296249282360851,0.08145568680968358,0.07743699996066036,0.01832782585464806,0.030172796636953797,0.06734136607610793,-0.03282838355886917,-0.061173664032012985,-0.05015915479676275,-0.13303743809840798,-0.3241681696446061,0.06628885120742618,-0.09915540058580799,0.01770704127309386,-0.043308153099580145,Jalisco,"{""type"":""MultiPoint"",""coordinates"":[]}"
000200000000000000a6,0.0378611123774642,-0.18741165656121367,0.06852171392973974,-0.010631326375017637,-0.04805491123754238,-0.13039491140154122,-0.0180710718823743,0.08251567231945002,-0.008979091724385779,-0.02598644275507545,0.11751432572098496,-0.07049381216190438,-0.2562346145863533,-0.022103034187037428,0.04561463257211533,-0.03306985077096368,-0.14702100525989661,0.01277233702135646,-0.06619269326117641,-0.1654117229287158,-0.10929425739662078,0.02693560790824993,0.18813884336193584,-0.12787852881418096,-0.06779423295943514,-0.034017959171219594,0.05043743374826671,0.05142208199529208,-0.0975811071038846,0.029434058208599016,0.017705688790608524,0.06923789143759927,-0.04936744529832405,0.01837818564500926,0.04991062628255638,-0.10582741956007162,0.026439404404995145,-0.060908558243201016,0.035280445429716166,-0.09438220309806279,-0.005445269332290069,-0.10274397222267319,-0.23069862019552934,0.1384858864222421,0.0031718146707427476,0.005531963202446837,-0.03847308370392573,0.05280922795734987,-0.1423810310735868,-0.12982114494804312,0.0868338078064925,0.08345549138677952,0.02437260903883918,0.0715422779872377,0.09717246604778877,-0.07365290228691922,-0.06028925926844109,-0.028056012191041937,-0.16728122474957335,-0.32886417663233464,0.054792529058175124,-0.09248687911083153,-0.022610008726777122,-0.06908405063663493,Mexico,"{""type"":""MultiPoint"",""coordinates"":[]}"
000200000000000000a7,0.013493180969636122,-0.13205333616597864,0.0847045875977309,-0.05567688213313571,-0.07410301788355506,-0.1663819872790609,-0.0371035478763415,0.14995938542621,-0.025337804253157615,-0.035861095950388784,0.08585205095646128,0.02344887038856139,-0.2463077781501283,-0.03341228787895058,0.030987723302288057,0.02960789682718193,-0.06176091091931614,0.023770771969245014,-0.1232584659719109,-0.10514344490143913,-0.20530587484890353,0.08239335318901779,0.1777369217389691,-0.0700232040371683,-0.01007813949684402,-0.05133938161446496,0.06539515333081192,0.06887543186471921,-0.12386971613001457,0.07702679293305217,0.017992760497424626,0.07633541839119495,-0.009350891922659511,0.018757311170392456,0.05012598123190193,-0.09380212798953959,0.021346204701097864,-0.04157184901263319,0.09840056789392657,-0.08464050382438838,0.045440231362370215,-0.11616050423358901,-0.1832891794916507,0.22669381061311086,0.014771034691926522,0.016304112778194112,-0.03949440570081836,0.054256875818522954,-0.1058991068773674,-0.1173297164214918,0.0732510371443155,0.057005649296896097,0.0497497582433546,0.0359676509847185,0.06579239260108602,-0.06162839405357958,-0.024066544860170614,-0.060932102509239645,-0.14727175649173052,-0.30089271969857145,0.05954235208992386,-0.09658966841201792,0.012756968347624903,-0.04781540578205234,Michoacan,"{""type"":""MultiPoint"",""coordinates"":[]}"
000200000000000000a8,0.010228838574766906,-0.15376584757799983,0.08281415755601218,-0.048519426208685566,-0.051152168145121385,-0.1810309260701572,-0.04738584883609519,0.12549050053588273,-0.07172643712189393,-0.026884133313101254,0.08543326621732313,-0.010659200588499054,-0.3059658632996318,-0.0622471882898402,0.031507271003440626,0.011974589886195599,-0.12151427079551451,0.019649913708709988,-0.10060562967642316,-0.11489161600626459,-0.22387906613396927,0.10658408070712744,0.17084313145129135,-0.07841808750836582,-0.030673787886045484,1.2097942820044958E-4,0.0501574666027832,0.07764747551213087,-0.11850112952665831,0.04667891853247999,-0.006662145244545138,0.08173733143432352,-0.01735664611713918,-0.008788628801055387,0.1071941127650556,-0.10156692995619492,0.044792163004065355,-0.026697373181329136,0.11415012018152355,-0.07804948990674586,-0.0018655303611907182,-0.08148462254530037,-0.21584588116188524,0.1967251252910214,0.054832821599626214,0.003283057574059117,-0.02974626651237812,0.024360623332392847,-0.13518720676804336,-0.10282943292887395,0.09973097664211339,0.12683267504838072,0.05114500505791301,-0.004092345270788239,0.08761705903863813,-0.006408479565698703,-0.05021164332367381,-0.06108937983946686,-0.18508010714106887,-0.28445697039131196,0.07440860372853927,-0.1561486209355393,0.0016894884170971002,-0.03617307901629155,Morelos,"{""type"":""MultiPoint"",""coordinates"":[]}"
000200000000000000a9,0.01835929324251136,-0.11829166021857201,0.08399360978774192,-0.08978127695488178,-0.092462119271386,-0.1529919390967226,-0.013253631271623899,0.16493543728764556,-0.049858869235123275,-0.020419055064972932,0.05426772004255669,0.06675003934238286,-0.2502122359047809,0.004090136177787293,0.04609414950209685,0.07405333358372367,-0.060755283641724396,0.07938819624997691,-0.13452327045718532,-0.07655296671312796,-0.19486656071678585,0.06782206684784085,0.16195165652292737,-0.0882199657074544,0.0034362650151452704,-0.046291606693414845,0.04936590830946364,0.10681729291236526,-0.1142893860561073,0.08498074543392622,0.07969101328168639,0.10411828988313511,0.028493742008939914,0.04153136370574278,-0.013699440334849974,-0.04906375495840539,0.04814932033895398,0.015153942278555077,0.11610701281062687,-0.08042653286982086,0.09236110739689606,-0.15368406305898225,-0.09882256749994016,0.20184212592369483,0.06409655075876931,0.039199769588010726,-0.029528411214254358,0.050014042825467606,-0.025239972431994655,-0.07834226932428486,0.07217996872887637,0.0018819429155902908,0.02026656727071511,0.029448572624217052,0.05311515075821937,-0.08169369783119163,-0.04878217986099223,-0.07680096365995696,-0.1092982870786758,-0.28484418495820363,0.14272084128976867,-0.11750732749154125,0.009824046428735243,-0.05596604690828389,Nayarit,"{""type"":""MultiPoint"",""coordinates"":[]}"
000200000000000000aa,0.10645670210273961,-0.07900790623780368,-0.013620320598894101,0.19191625498704626,-0.013806750918675793,-0.14012430242571158,-0.08889765998177734,0.07855898532294692,-0.09888003672587341,-0.009624031692528815,0.018927330238995007,-0.01595745748352258,-0.20701201649257736,-0.1305096825466782,0.039851574417675874,-0.016143532973043273,-0.02702992763816405,0.19803462110215278,0.004510402994608437,-0.15057216478216168,-0.20160670526690277,0.028719255468612176,-0.011301307856981586,0.034733545152581966,-0.10665554021372044,0.07805002279955282,0.019171750383088347,0.03531482008381971,-0.06789711662989797,0.1326846611313395,0.09935221141426825,-0.028047674264110072,0.11348615267011768,-0.02668878200763069,0.009069335384957907,0.08611740788210595,0.0288760043739569,-0.07589943661088032,-0.006058109283024535,0.08717092739930164,0.17565818109402714,-0.11829796235690465,-0.03233726924403549,0.044529357363895065,-0.0028463451114609834,0.022497501350770926,0.022365336012758162,-0.024707652019286958,0.004716787046885586,-0.13144721756553832,0.03056244962735314,-0.03442382903348885,-0.05895908784928812,0.07314167639791778,0.02207855460766034,-0.028179031108668796,-0.09945462795381473,-0.05625704645166713,-0.054870703405540844,-0.25506248534928877,-0.01527265264358095,0.014531613156737656,0.0852924085756152,0.0947078871731528,Nuevo Leon,"{""type"":""MultiPoint"",""coordinates"":[]}"
000200000000000000ab,0.0254377928851124,-0.10817684320185182,0.0664201068549492,-0.018437635206832854,-0.048991787637857644,-0.14254962243173805,-0.010533686501964597,0.10213156374841194,0.00545080384237173,0.007004610863788742,0.03468277817361146,0.02462732473136481,-0.24722834203331792,0.0040232551753064975,0.002090364656575169,-0.03531812588078273,0.0011112295762505612,0.05832915121095065,-0.14268755992542068,-0.07677057382237057,-0.20409935469659882,0.08788347864402245,0.05783030566042204,-0.09491804096025842,-0.036967100442178574,-0.027023367306151524,0.10224887096511395,-0.016032232110260426,-0.14934762152675182,0.09426282390003285,0.04533185089213242,0.027384490753071797,0.020133973759867273,0.03743787782444402,-0.04485326728425421,-0.06366592826857807,0.038361889622353255,-0.09006804928972775,0.028027432495512487,-0.06429705033192172,0.05312775419975292,-0.14084936157545014,-0.11598972788338839,0.2044799986744818,-0.06430671201148781,-0.009498900853617848,-0.08571311070820835,0.06831780390508184,-0.07256744799428191,-0.07931558848036932,0.04238467739385635,-0.08868665614486722,0.06670568063219245,0.08180075451342014,0.05593687804371155,-0.027891131405513785,0.013723036865866858,-0.06457853403770802,-0.1292492539343379,-0.29728358025877655,0.04603149839539234,-0.09433046682719508,0.0014572432348964714,-0.062136909851434684,Oaxaca,"{""type"":""MultiPoint"",""coordinates"":[]}"
000200000000000000ac,0.017755989691954605,-0.13657954553281765,0.055986773639668204,0.037282709929838564,-0.03813749806077989,-0.17465277670417342,-0.038334372120623426,0.07624065854624147,-0.01411925734970788,-0.0333538764215837,0.08767774363211875,-0.04181890111796987,-0.26843810124035233,-0.04764479734657986,0.03720159292857084,-0.0414325012486641,-0.06211836038905391,0.04558178131940688,-0.09205655264562213,-0.1255042142512864,-0.17711941842555612,0.09548862475353924,0.08148838164263024,-0.08972847679644781,-0.08420607426813372,-0.00824799877038521,0.08772971712463126,0.022815913016476324,-0.11494585852734901,0.07072760890674391,0.0328114053369595,0.033989542267723716,0.010252991851690358,0.026719179598317308,0.03818914039774103,-0.0834876733455787,0.06261888295930239,-0.07976713398211195,0.011836110723300666,-0.046077612120707385,0.014464225267328488,-0.08459963668744462,-0.1676289059602925,0.14270532935609037,-0.03024272693605858,-0.02395682983020085,-0.03589219094913672,0.028971288527798785,-0.11566425475530841,-0.12764862957861706,0.06439957003014825,0.023028594656353322,0.041721657331296416,0.07894923496176391,0.08948875807774874,-0.021205402082406108,-0.028363246810557897,-0.07741529894869095,-0.15717159777190706,-0.33529658490553516,0.01334478258703386,-0.1032128761131736,-0.0028157363192928835,-0.041476275088312343,Puebla,"{""type"":""MultiPoint"",""coordinates"":[]}"
000200000000000000ad,0.05098904731780292,-0.15150000012707526,0.04278427125927223,0.03640183142077982,-0.04904073002630762,-0.19331999680868878,-0.07215198148238837,0.11146570782532038,-0.023134345320640827,-0.05714195251324858,0.11947258171138982,-0.0535537578704331,-0.25561547355945724,-0.0871804282401629,0.06770629863525988,-0.02986522957521173,-0.07390684190925445,0.0883737685876416,-0.06459135452117098,-0.13914037393341339,-0.1723055618278544,0.08733863504959793,0.1197867009482435,-0.07480511315897173,-0.09048947039320124,-0.018915874723546684,0.10160228786618083,0.0788634161162085,-0.09151438822153025,0.06644411481866867,0.04435576682321887,0.07195126657058391,0.025176361331744015,0.055635251813911935,0.058893307719663494,-0.07826395653463727,0.028504334395484613,-0.0786142368680655,0.05231609982561371,-0.04906782613016469,0.02154712819703662,-0.05952554619920151,-0.19140576595856554,0.1374805438011692,0.008350704349729477,-0.020835458370114877,-0.022305045815592207,0.026171228514166422,-0.14769424234901776,-0.15163542027442845,0.06949982020201502,0.0539947617687451,0.005948020204966874,0.07108302882689761,0.08003790339303544,-0.023295554123372024,-0.06745662278221194,-0.08831440565795182,-0.13972802295513378,-0.3454066303464044,0.002751747723829108,-0.09689952187764289,0.012145278084421788,-0.009573507103782405,Queretaro,"{""type"":""MultiPoint"",""coordinates"":[]}"
000200000000000000ae,0.05074823540781722,-0.12829726321072335,0.0300424851694229,0.1468532555773642,-0.034255058054552465,-0.14840904354216242,-0.07351823201781366,0.08057511316925242,-0.033358759736039426,-0.0585916269333082,0.10670938562554716,-0.04847817721941845,-0.2262247436420917,-0.0998216226426969,0.08936080684319758,-0.0019378581171765187,-0.038155720603148216,0.13653190936684317,0.020637149030272653,-0.1464782471687643,-0.15800174726016236,0.10870838195041285,0.08537757678889157,-0.027565832392608743,-0.14269887013751634,0.0026392441923524276,0.10239451308109325,0.05753985283619344,-0.1315363159575111,0.10360929579390492,0.07698780361682923,-0.012041376116271435,0.04973770613473219,0.004660168756768863,0.058130633323354775,-0.029159223330510776,0.05106510645618343,-0.09107142919475338,-0.008346809334445168,7.62857912172452E-4,0.12198334412901947,-0.07876402190854034,-0.11610237324942237,0.08834474596866179,-0.055341103528848766,-0.011947537717995144,0.019808463045659728,-0.04054697808889774,-0.0978496679276675,-0.18045529472864053,0.03549157391069788,0.013907349581784396,-0.027607835884287862,0.07662078572425741,0.07994829643622235,0.009663424399320468,-0.10578728707352145,-0.0751845116434324,-0.10504952441307634,-0.3523382967935735,-0.02823614622043401,-0.03098862586828151,0.09110822133819935,0.04293035083656684,San Luis Potosi,"{""type"":""MultiPoint"",""coordinates"":[]}"
000200000000000000af,0.12680305772044695,0.07485805561492788,0.033339891096274894,0.012537575640995812,-0.0649471616964059,-0.07716178424337947,-0.06084692163550674,0.15208734416721922,-0.1353798670029405,-0.07880180221945916,0.11161192834490827,0.038587892863619744,-0.21884496586949953,-0.10618566214152629,0.09266654351346194,0.10524593060365325,-0.03717472463182891,0.12073669397232116,0.03160155982047797,-0.034670145923912404,-0.13775327523208877,-0.04049749883914628,-6.002399529667621E-4,0.02209178412941875,-0.08658091077074968,0.06794368839565926,-0.01565432444480771,0.01724562948970501,0.062439104725025056,0.10023452044837636,0.11206281710604704,-0.0017103204137071926,0.07880301719870265,-0.07819911264341456,-0.01694210867162521,0.022298235873644934,0.039188207211792406,0.01132327975487666,-0.026633593301830984,0.027280418974707583,0.21609564588351857,-0.07231336503064491,0.08469319951901037,-0.0490893093111952,0.05520015885561348,0.0981717874539786,0.04710543001992674,0.024576753683529216,-0.020502918300855464,-0.1527261193468178,-0.02308886482310138,-0.028373635027353666,0.09833641755586706,0.008674597064984052,0.020520931828422535,-0.013658606677148197,-0.013941653654546025,-0.08407010173715479,-0.07569230621638208,-0.15795452140507546,0.025097431191272238,0.00621342362857138,0.05229573544871291,0.006063797490598106,Sonora,"{""type"":""MultiPoint"",""coordinates"":[]}"
000200000000000000b0,-0.03653810739394784,-0.03277041547622223,0.037494005927285495,-0.043962540913448526,-0.17166970081256308,0.028761563203593025,0.20941061474941494,0.04617462177514469,-0.13237339039631857,0.12278371446428159,0.029242755216273876,0.09203255216944653,-0.1857819595591129,0.0946425666721605,0.03433252903867561,0.11448294009243015,-0.0067705145876627995,0.027491449315553106,-0.11486107580260874,-0.04580692938929098,-0.3019814698718047,0.214039550734876,-0.03185211882715323,0.0015336993775407583,-0.0400048291122262,0.15658503843669472,0.10628934361292576,-0.0951130504447582,-0.12627329363846232,0.1594516273923838,0.051550529865886034,-0.04635069407322141,0.02306770277845008,0.04113678838774355,-0.040626686706553256,0.07681806375921879,0.0761220959362774,-0.005382724232056387,-0.013308467831870563,-0.02247777723804121,0.08261588489611113,-0.09114829693896245,0.03795672244029616,0.23464400624593457,-0.10432469348474463,0.03870574766627574,-0.11010800627836678,-0.09198340812082002,0.009488689984267568,0.052215428669689146,-0.06266595369733807,-0.13873994806675508,0.0052131103461319885,0.08852409968859591,0.0727874860670586,0.013680627519188273,-0.0243214409699769,-0.01819577276801644,-0.054450946587595785,-0.21881368233842147,0.061299274701493885,-0.09967920712847946,-0.035501469725843525,-0.021814917047273296,Tabasco,"{""type"":""MultiPoint"",""coordinates"":[]}"
000200000000000000b1,0.046277627267283246,-0.07269510807672198,0.025161203774754694,0.13654326290525085,-0.08327073881364813,-0.13986837070721808,-0.07092395117567286,0.11585734216365387,-0.1233347453685281,0.023648606832029715,0.029404074694832943,0.0688449378640598,-0.18598811492061124,-0.04698116724639728,0.03726152116640016,0.033761591475749496,-0.05874026638955317,0.21606999767739243,-0.046369991651742805,-0.10707800955973994,-0.2302020441941039,0.1426431745632272,-0.013478368296924446,0.013231313099156585,-0.06210787525454945,0.07294758947675178,0.015851306262216928,-0.010359484765166486,-0.11161740525151313,0.13547774667253468,0.08061215210411181,-0.02890773812784797,0.12566059072049443,0.010642031869133588,-0.04060833630935612,0.16754998620868033,0.00690170075134363,-0.0017647775572733864,0.01805577983464738,0.054667307391466434,0.1185957789079082,-0.12125757697816819,-0.023413050056445537,0.07087313953041563,-0.07975775116621245,0.02433504710490434,0.02196073936882963,-0.045286611986319544,0.06736876070068919,-0.025732957004871986,0.0732914173302374,-0.03574938389519806,-0.08240703533104515,0.12845315216926517,-0.012547816185545211,-0.04178698008538588,-0.07202216345355328,-0.00283196855759243,-0.060805514724449714,-0.20861623126920822,-0.006842064180591791,-0.01975561803601338,0.06168384548582514,0.1097361950163097,Tamaulipas,"{""type"":""MultiPoint"",""coordinates"":[]}"
000200000000000000b2,0.007750972837247197,-0.20060651995105183,0.08011101177522949,0.013104000932963052,-0.06110231542749036,-0.11773033214639265,-0.024782158561985054,0.016183599264305345,0.02907811662508342,-0.015865818471997722,0.1277708819729098,-0.12167709507161277,-0.2631316305907686,-0.02785477785790803,0.05385353079593785,-0.049162535742986714,-0.19415581020355857,-0.027332972855194176,-0.042386931340361096,-0.18258302906938817,-0.08042352660012884,0.05284238317837415,0.18149527556867376,-0.1165214954444829,-0.12346238528227746,-0.02295670665123376,0.02581697025382172,0.042087732228783155,-0.08619066933702191,0.01101714568951786,0.020800721065327,0.06393192474736525,-0.06290300227424553,0.0056409884200373656,0.07451070856932508,-0.10726316182530629,0.09371348490316586,-0.04905901328242205,0.030341971768023168,-0.045265488550333424,-0.03876964353725839,-0.07607184954621489,-0.22886930154627608,0.06269116994217463,-0.03606386469669055,-0.028401676191688947,0.014726265977894629,0.0035669702900246888,-0.15448322761682756,-0.16577719709797786,0.11214538170023855,0.12601339156828545,0.040854864047212114,0.09811068009045493,0.11384806781837059,-0.029282596274116994,-0.03970428901710984,-0.047753146058555705,-0.2160338307988084,-0.37474386834951157,0.01317446876023392,-0.08987391275921155,-0.0045844317280606655,-0.07669842399586836,Tlaxcala,"{""type"":""MultiPoint"",""coordinates"":[]}"
000200000000000000b3,-0.01995953092438144,-0.050945136137073556,0.05068714679117111,0.01774402086472091,-0.10248131469434885,-0.03523814098059874,0.10083443632447242,0.08873495323630587,-0.06334261095294745,0.07122769039305388,0.018691493003712957,0.0999957515802941,-0.21417271399512938,0.08647346537721584,0.036781209270875394,0.04997117250184578,0.007842961259570427,0.08413799328354779,-0.09682751651043826,-0.06406830867131001,-0.31224957801116043,0.24090906479583205,-0.03853491832114056,-0.08954521079523817,-0.06921412485231376,0.10457439996562842,0.10319434721498412,-0.08681090375137225,-0.1740428019194898,0.1506944851890658,0.0740517049024338,-0.03994043478720552,0.06723959163974087,0.057775604042926365,-0.04668938449606088,0.0811440086689835,0.02871288165138311,-0.0307333612249177,-0.018349932755496203,-0.04140177346613117,0.09879559772891919,-0.09785137500405695,3.293104899493899E-4,0.24148787512144346,-0.11822826642606221,0.005905558857983585,-0.04776878883966987,-0.06184761309852025,-0.044356744873028445,0.021597927032475664,2.1122387090806061E-4,-0.14546413305225833,0.008879090271842317,0.08754339562316515,0.0987667519680145,-0.010989795711086953,-0.04008675714273042,-0.007597870014524669,-0.08085538830714951,-0.24834086489993698,0.052736221125817606,-0.12222284436482846,-0.004424306059495393,-0.009854142822020016,Veracruz,"{""type"":""MultiPoint"",""coordinates"":[]}"
000200000000000000b4,0.005571351976132681,-0.09104225684449056,-0.04174356773882445,-0.0940708559047156,-0.23558541180856993,-0.125291631692095,0.1380916259595244,0.13198673000590877,-0.1496270576041902,0.04834974654905052,-0.02143671637761381,0.08260067489094934,-0.09310247916373122,0.017856051481707023,-0.09426217916820459,0.12021517768601181,0.00960709184842857,0.10294886268158937,0.005901235977094566,0.0523833209608321,-0.2520166057453047,0.2012513788379324,0.22358168939233705,-0.0885233260228461,-0.025637071849543062,0.0192832230136257,0.12877140920004473,0.055914524214285055,-0.16943799316880534,0.2614892783812864,0.040781918096113,-0.0492785896053564,0.10743965903903009,-2.0498230771848463E-4,-0.11847068058527613,-0.06741073813309383,0.005439087446416315,-0.033927117256178606,0.0385383758213254,-0.03380260213471548,0.14578625065197054,-0.14761921135854625,0.08544598744133365,0.17266500208922633,-0.10230454191851658,-0.02709611615417322,-0.1267024225196358,-0.13311438273338813,0.1808473910065405,0.04691791229847447,-0.05762434962310853,-0.13549723771022357,-0.09884848836679846,0.08950932725123387,-0.06541379699198968,0.04961445910044475,0.04602393583607683,-0.044464427595069765,-0.10102749713258187,-0.24259205526993316,0.1105611129681474,-0.07819125127640712,-0.13126461331298364,0.055883441833175215,Yucatan,"{""type"":""MultiPoint"",""coordinates"":[]}"
000200000000000000b5,0.033771810383653886,-0.12801790214769831,0.060559023595850824,0.08112666288894407,-0.07028344369895684,-0.10475951373298618,-0.051455164420342425,0.09251940755316439,0.001453411426441451,-0.09501279433512608,0.10163729160801943,-0.08464435363240745,-0.2280475185660207,-0.08849566380845504,0.12125577260941532,-0.007798165063564361,-0.12117130841724204,0.10357133099431809,-7.859844397998166E-4,-0.13827351305870764,-0.0902413627899996,0.038012510241389165,0.1821770153708816,-0.02783414114847261,-0.1621085061116729,-0.00644989588744143,0.10378431559817652,0.07247885532411029,-0.0807018697666054,0.05433505373966667,0.06375870202313029,0.04803415711718591,-0.017766771681704895,-0.024594524728652388,0.10665645431698362,-0.09238340438635641,0.07840574339673657,-0.06154344815950801,0.05970710623994143,-0.04521612161262783,0.121080636436546,-0.09148742161775242,-0.16187481976167514,0.055927182166726756,-0.009876814299951417,0.02282005767420144,0.043515185467797465,-0.04042554839933869,-0.16064803190561758,-0.2270865749251376,0.06705549924559008,0.11616225662540973,0.005245662192803601,0.0696207724438014,0.10243756394066471,0.04563972794295871,-0.1402346330479329,-0.05709003726770923,-0.12824363697169042,-0.34321467806164246,-0.04842547644881925,-0.02586766684598932,0.0844780061655976,-0.0033395448788648683,Zacatecas,"{""type"":""MultiPoint"",""coordinates"":[]}"
000300000000000001b8,0.003643027628480971,-0.06261634210734157,-0.0367317692267473,-0.11559738768291876,-0.215258199565384,-0.08302406013061567,0.10446640851443974,0.09063986816484036,-0.12622128903342475,0.08867426866212678,-0.0013676798087427413,0.15191749575529795,-0.10447860498217373,0.009759339546284967,-0.09554574998594509,0.12100354657512605,-0.02932043292482431,0.019127608616879857,-0.015410648612078992,0.008052195910166069,-0.18990045509107065,0.15834714791010204,0.24678129944728375,-0.042829831163406516,-0.05821097911774009,0.03027470031593725,0.12327049964110265,0.05490942185314176,-0.14064346349426263,0.23572318321518065,0.09052477889370947,-0.06179263432641042,0.12658345039851787,-0.0053934722981845125,-0.10906082952759628,-0.05472867213355009,0.07359659854974485,-0.07045621770082673,-0.040519360533166224,0.00403853140440469,0.12429641395510356,-0.11106227391807562,0.14251246042780163,0.1916341171737916,-0.03575680116917857,-0.07495472222762586,-0.14124335594669415,-0.10048650854448087,0.21869863260875383,0.028704591281659038,-0.04541582172529257,-0.1944776395334354,-0.05126404325643234,0.07422466530801358,-0.0531007325353871,-0.009396183203567868,0.05247324557469841,-0.03813031211511008,-0.0998377199184958,-0.14048247058170724,0.06784713422000231,-0.17231330401695147,-0.12700921448459765,0.03602139902064593,Quintana Roo,"{""type"":""MultiPoint"",""coordinates"":[]}"
000300000000000001b9,0.02022070026349726,-0.08621392422884136,0.06901530570755152,-0.07530293821378252,-0.1265164169358029,-0.14052383963447318,4.805812072720866E-4,0.16696575607157088,-0.13980810941565702,-0.027235684936559378,0.0845021218465586,0.11982631589870599,-0.24279045222705578,-0.007158394231935213,0.04337003650209616,0.1330084314523497,-0.05072093083397872,0.10995704367190992,-0.1229545910243954,-0.05224771248268579,-0.16106913275110255,0.11120541306487775,0.12464919388664544,-0.027925279330756277,0.03456435695847474,-0.035525005005049425,0.00886065221688374,0.11500056819457057,-0.07850255624750094,0.10008038113433501,0.0860774670095773,0.08005742880638211,0.05779220356509504,-0.010552679774552367,-0.029813822371030748,0.03655995900700662,0.02681913707840015,0.03329904297804051,0.08506021457684047,-0.04520894483526918,0.14922504642794182,-0.16171871950163186,-0.02042524661647888,0.12822451229452786,0.05141406621770734,0.05431414478551255,0.00696486711583309,0.036843542014850385,0.05506076675267109,-0.043554117469298485,0.04788529136476367,0.019876473275795264,0.023652659979695574,0.03614591662075577,-0.005968753689023289,-0.08732484784529326,-0.03797026536978388,-0.08757599927345502,-0.13605152489870087,-0.22553575376526944,0.14064160096229622,-0.11171567079397511,0.030250304677485556,0.03078372049718242,Sinaloa,"{""type"":""MultiPoint"",""coordinates"":[]}"
