system:index,A00,A01,A02,A03,A04,A05,A06,A07,A08,A09,A10,A11,A12,A13,A14,A15,A16,A17,A18,A19,A20,A21,A22,A23,A24,A25,A26,A27,A28,A29,A30,A31,A32,A33,A34,A35,A36,A37,A38,A39,A40,A41,A42,A43,A44,A45,A46,A47,A48,A49,A50,A51,A52,A53,A54,A55,A56,A57,A58,A59,A60,A61,A62,A63,state,.geo,PC1,PC2
00020000000000000098,0.0225525153288794,-0.1560642340798337,0.04467365692718,0.0719384131387819,-0.0398902259790919,-0.1277856026021326,-0.0154688389853389,0.0806140595544476,-0.0231456385340373,-0.1083366566919395,0.1255780820149427,-0.1046754092871903,-0.2865989640423933,-0.0557727469831543,0.0988152023571788,-0.0590190930098027,-0.1281479654150156,0.0508271545838829,-0.0362671412718393,-0.1694565565835885,-0.095407990523352,0.0527582904005212,0.1814633947305151,-0.0702446232945385,-0.1385981441274751,-0.0118859111267554,0.1230226177885993,0.0749941609166853,-0.0901381898913093,0.036992448518094,0.0196204765414036,0.0881984165717238,-0.0382687552875843,-0.0155207508865753,0.1057361829297522,-0.1275161147798019,0.0756165380945321,-0.0632978829796228,0.0552388425754604,-0.0328970009833591,0.0664536943557659,-0.0989430853416269,-0.2282946117069598,0.0697117252198193,0.0045659982126779,-0.0199306755316398,0.0415939499849091,-0.0350064854928321,-0.1748090591875731,-0.2018064230296006,0.0855560024368973,0.1508555563614762,-0.0116181889419878,0.0387476394905096,0.090500013430787,0.0509054886175297,-0.1349708821186833,-0.0380403570187181,-0.1511269830103847,-0.3192431851890544,0.0059937977945182,-0.0771537445742989,0.0413268216834048,-0.0308954839306761,Aguascalientes,"{""type"":""MultiPoint"",""coordinates"":[]}",-0.4134578916096093,-0.053905053010237354
00020000000000000099,0.1455843820887782,0.1250039461795051,0.0247962439850477,0.0352373807849167,-0.0960621699527678,-0.0285966778531912,0.0019321180778727,0.1096017313827324,-0.0836828097254424,-0.0898638322898133,0.1645713462740342,0.0389499518720553,-0.1931362813110148,-0.0966300268024847,0.0947857848846448,0.0718311370913914,0.0736493394531249,0.1694815006751371,0.0623021420796197,0.062413397093948,-0.0232561543935447,-0.0440225667164222,-0.0680709802106342,0.0149874192977694,-0.0962820850609733,0.0333326579311736,-0.0516587010147857,-0.0391322076068388,0.1506740044826108,0.1062798663211314,0.1339250399643324,-0.0256763869971966,0.0613071643043548,-0.1017165159160622,-0.0692394333659525,0.0499013767404742,0.0163935468118438,0.0059663765874708,-0.1162852004994095,0.1066377582696808,0.20688889677004,-0.1100226810992867,0.0552313218574506,-0.0777346579165654,0.0735410071838805,0.0382526325250321,0.0093239865233116,0.074145165447361,-0.0426468290063822,-0.0795677970207077,-0.0613845024828514,-0.0428053065373308,0.1187682702777538,-0.0428029460939984,0.0285858177788767,0.0191455843780911,0.0276748517736996,-0.0679339206634953,-0.075665621206075,-0.1568189907050121,0.0038456448828278,0.0209457616897859,0.0184161804272974,0.0178749007370521,Baja California,"{""type"":""MultiPoint"",""coordinates"":[]}",0.29924539084101676,-0.5793914029464093
0002000000000000009a,0.1282514500423229,0.1349489424223655,0.0425317497107207,0.0489356617441108,-0.1785236215177983,-0.0682499202280516,-0.0247293924394851,0.1066942608303755,-0.1456494291975696,-0.0336561684442761,0.1911933926153471,0.0964145910868469,-0.1451921318440228,-0.0676691343690127,0.0046099221467057,0.1499663977297482,0.1660892670325728,0.2028724873190271,0.0652986871976282,0.1179611971171275,-0.0693705600947168,-0.026083188436953,-0.0207565073758866,0.0538259639848206,-0.0832607053715005,0.0080498261465314,-0.0170590411353272,-0.0041767583806781,0.0489946072275098,0.123164389801711,0.090743565409225,-0.0213021006229353,-0.0177598018202079,-0.1362384163353017,-0.0854274383846614,0.0122126577639473,-0.0260338311772792,0.0024345790289461,-0.0608623868493077,0.17890853732209,0.2439064689389627,-0.0922663201500019,-0.0156885060510306,-0.0192868829305452,-0.0217983273912006,-0.0170001681483152,-0.0102562532049215,0.0464914611145634,0.0387491867990034,-0.0247877675649509,-0.0938312352253305,-0.0235252774014104,0.0790708036927315,0.0381873597761754,0.0494686530265216,-0.0469664421868632,0.1072780455585027,-0.0223595237032678,-0.1153870716156944,-0.1755492146951092,-0.0185106456816302,-0.0170019941749637,-0.0206539967744139,0.0529137584465421,Baja California Sur,"{""type"":""MultiPoint"",""coordinates"":[]}",0.41823137575093744,-0.44852834121375884
0002000000000000009b,-0.0084475813785755,-0.0964326963734729,-0.0178766449717184,-0.0652487688299115,-0.1972990490886763,-0.0821537055535482,0.1138820999746639,0.1133357622526795,-0.1412331739806592,0.0711381913616244,-0.0102692801018452,0.1180179848365048,-0.1600355259595655,0.0540972127028725,-0.0532988587386515,0.1080827985746789,0.0067571110105259,0.0641945432544642,-0.0409490069847433,-0.0435866785513693,-0.2622017406084287,0.1789594867174432,0.2012358785255419,-0.0524835732032951,-0.049101197345769,0.035145908857077,0.1456069179179772,0.0222651873235202,-0.1423084252260871,0.2247542014690759,0.0658502586641807,-0.0567252156804836,0.1314150594218646,-0.0350451264176241,-0.1059744540999002,-0.0503320945591778,0.0164750754904092,-0.0521813153351618,0.0105186382686047,-0.0356835731031607,0.0959117147917263,-0.1162313906790566,0.0618632666916045,0.221516669270549,-0.0567968494225121,-0.0294747840189243,-0.1627338209660043,-0.0987920884211677,0.107384809168376,0.0121130053955895,-0.0443513683166512,-0.1394150910047522,-0.0535272340004981,0.0569553486125335,-0.0558390347768049,0.0299374026690021,0.0320644239244689,-0.0342801171151459,-0.1111326250994432,-0.220626467134405,0.0827906399075861,-0.1208540019952368,-0.0950829935674038,0.0180487364532517,Campeche,"{""type"":""MultiPoint"",""coordinates"":[]}",0.49337997384333143,0.2855095715235692
0002000000000000009c,-0.0013413083047332,-0.1031616910491149,0.0652211360230701,-0.0313964618103618,-0.0415674217051598,-0.1035379573913598,0.043401435365131,0.1093145949466215,-0.0116619697141365,0.0208313864378235,0.0234506506830895,0.0704331797591031,-0.2477425924397214,0.0586982726759613,0.0131129880439613,-0.016920846105455,0.0145337784395487,0.0396779623422333,-0.1310213873723436,-0.1098048743092158,-0.2695888574688505,0.1319284357044966,0.0561926480850296,-0.0860059976013906,-0.0659841542931427,-0.0012285104480525,0.1347839550574737,-0.0608899655663447,-0.1857150387814658,0.0905298777014153,0.0262850743621915,-0.0235472684052892,0.0517266388462043,0.0231522410440794,-0.0459030260235004,-0.0444241246929055,0.0141673147485267,-0.0775034939574077,-0.0056618276513165,-0.110155308968666,0.073329227606359,-0.1513343002573755,-0.0903965217903803,0.2719089005341383,-0.0837095011642168,0.0167123453537844,-0.1066234588175247,0.0300381198572003,-0.0758953216351465,-0.0515052920707555,0.0255294807599019,-0.1090642461866492,0.0372129097826775,0.0347674902436601,0.0643613314681662,-0.0045313782871445,0.0114165073222675,-0.035040231959922,-0.1084264053366958,-0.287475203456,0.0642479671281662,-0.1120771208267797,-0.0116716254798366,-0.0668499226601724,Chiapas,"{""type"":""MultiPoint"",""coordinates"":[]}",0.10325527820803057,0.26479763637012055
0002000000000000009d,0.1139396132104062,-0.0038284340421347,0.0424614896657819,0.06300066748279,-0.0215574459645465,-0.0407051604523584,-0.0508669302352293,0.1249931808584349,-0.0477478236519241,-0.072573034560227,0.1068745436664821,-0.0252424096677334,-0.215204859697162,-0.1138062322325039,0.121380005664726,0.0168030370772767,-0.1118643487294345,0.0947851020555983,0.0706113338671217,-0.1173803970535886,-0.0843134814249272,-0.0527736486336299,0.0575451165141257,-0.0192322558992529,-0.1938670548541781,0.0541901115720722,0.0031998742588135,0.0032068589896886,0.0421993242941914,0.0830482206448638,0.1071833145530064,0.0278253139052939,0.0815079857184404,-0.0345926488109362,0.060913640455076,-0.0222519980516453,0.0775720889131608,-0.0399664413040798,-0.0293488358061268,-0.0634304523340366,0.1700129149986989,-0.0510124374381543,0.010674235546628,-0.0621884244784496,0.0534619416546946,0.1114832934719899,0.0584155743927809,0.0074546174489015,-0.1139914542027146,-0.2035060471563188,0.0016688916701788,0.0190491403457623,0.059162252576699,0.0346164485510413,0.0874508394980079,0.0387738534387697,-0.1513404882474653,-0.0806951114264011,-0.0671267794076467,-0.1944334335694918,-0.0116278371851667,-0.0020871564180018,0.0631353594773953,-0.0252558852762781,Chihuahua,"{""type"":""MultiPoint"",""coordinates"":[]}",-0.07440723916367928,-0.44534070677242427
0002000000000000009e,0.1109777450879208,-0.0178996703324807,0.0211907951206103,0.1954766054528889,-0.0181492259371554,-0.1224643805930345,-0.0816918626854337,0.0863595423083563,-0.1260541435123174,-0.0546380538897839,0.0973952365349594,-0.0234166872022807,-0.2123238594535856,-0.1709842546757287,0.0748479944508392,0.0286459870665451,0.000673345259884724,0.172374554907447,0.1005611573000997,-0.1046997522374189,-0.1246217780043269,-0.0058255062968291,-0.0179135298933352,0.0249812087231983,-0.1771702783916295,0.0456600740740824,0.0384666795064959,0.0427535117322303,-0.0618735267550387,0.094995858508906,0.1038679492675029,-0.0188080539034228,0.1063145603592736,-0.0418399263851841,0.0293223337534967,-0.0014749582124741,0.0394901135983803,-0.0639396452640484,-0.0689716416558675,0.0364476218082693,0.2259806506978975,-0.0714977804753517,-0.0193925310435044,-0.0141425968345518,0.0339306718927502,0.0797402295134723,0.0577144097460515,0.0115211849881021,-0.0664143733619318,-0.165282958166424,-0.0202468343232166,0.0076729702667657,-0.0275807584396985,-0.0101049943656874,0.0881202996028632,0.0579090144417901,-0.1056725910302509,-0.0463084003285605,-0.0216641089825744,-0.2394980480003182,-0.0669211430808667,0.0216945081184412,0.0959527125373835,0.0636548515610154,Coahuila,"{""type"":""MultiPoint"",""coordinates"":[]}",0.04361832131137406,-0.5012659969051514
0002000000000000009f,-0.0169692908911948,-0.1216996699996421,0.1031430787592119,-0.117904018643884,-0.08911955680015,-0.1250826501812773,0.0055127979588724,0.1597027208773,-0.0816755365772893,-0.0122617126758428,0.0386242609124856,0.1312882166270721,-0.2464563066994524,0.0020683990092659,0.0311392404327385,0.0709136602690047,-0.0070379297173844,0.0523026987446738,-0.1097884694849872,-0.0338056515712592,-0.2547568669512325,0.152207183511375,0.1427761853368744,-0.0819556558613652,-0.0008937667618390911,-0.0307478438257476,0.0603736548320145,0.0962529047987993,-0.1367349793931459,0.0874943318571688,0.0498592487068536,0.0836510130192679,0.025482037167447,0.0081704063709939,-0.000534019953058267,-0.0455034025216161,0.0606544115404379,-0.0068808465587778,0.1135514860093682,-0.082110207811981,0.1109360762679209,-0.1623696169880451,-0.0789777222170118,0.2422864072422745,0.0462323238603931,0.0139085037290059,-0.0587497031554589,0.0154279851015095,-0.0183649815478504,-0.0311108118530271,0.0305876561845619,0.0011668775075798,0.0062838649884921,0.0194322280684146,0.0752048090384227,-0.0530231419822855,-0.0286371916798367,-0.0753108080376383,-0.1625612841206118,-0.2381839252971032,0.1780785586849333,-0.139562538279177,0.0094071445230542,-0.0538994647134675,Colima,"{""type"":""MultiPoint"",""coordinates"":[]}",0.07797514539649818,0.26952119135238073
000200000000000000a0,0.0887150262363035,-0.231277409832959,0.0337375307239449,-0.0023791248619548,-0.019569932667754,-0.1016967520433019,0.0048665026617621,-0.0112948874586486,-0.0403606097221199,0.0334616586901,0.1270376493216823,-0.0896186330509382,-0.2543786148943601,-0.046928607861927,0.0066874537181439,-0.0827978838149123,-0.1229060047962799,-0.0270475661212304,-0.0064524863101284,-0.1395598236197297,-0.053803023529598,0.0184316511126219,0.1501275655286132,-0.1555407130797843,-0.0782328947747094,0.0234691794265273,0.0010491854083026,0.0351285243403751,-0.0237502166639042,-0.0011893412557682,0.0126529565419611,0.0777252782979019,-0.0933270571609508,-0.0060459322458651,0.1105435453615688,-0.1267009820598313,-0.0259957626518552,-0.0914348265750164,0.0405159765649688,-0.1012787229673529,-0.0538493827090387,-0.0879474372969693,-0.2351216232040941,0.1273142979872493,0.0190236913569852,-0.0208068988058104,-0.0727560617470094,0.0597496015831436,-0.1374027570409414,-0.0967051989317915,0.077456266838427,0.0630770007803993,-0.0065317691441712,0.1006689218449456,0.120873147918623,-0.1108084908905959,-0.0321417833864434,-0.0114996601871641,-0.2003907878004815,-0.3095166973748384,0.0678846711986524,-0.0627915369860116,-0.0984220107695868,-0.0575144986110511,Distrito Federal,"{""type"":""MultiPoint"",""coordinates"":[]}",-0.3587058819439102,0.10529306455168354
000200000000000000a1,0.0737954629505913,-0.1088596440607461,0.0403086605155368,0.0285504935939174,-0.0458972941670986,-0.1182178340185091,-0.0573938691398463,0.1457653211486353,-0.0263900512927595,-0.0624200470585099,0.0857087750583543,-0.0381184607188824,-0.2213063984245297,-0.0899134992217704,0.1229128720380872,0.0125151122050608,-0.1419887060879632,0.1035405550456177,-0.0199904816766621,-0.1386271339184875,-0.0989575468292075,-0.0331353052427193,0.1477838688508047,-0.0559338427045688,-0.1092765910626461,0.0126866145961748,0.0305060585641616,0.0990596399209544,-0.0304751828538503,0.0439241786173943,0.0942533124215561,0.10361504607406,0.0223809178901779,0.0458514971529479,0.0620922639955109,-0.061523009762875,0.0643181450829571,-0.0412053491441274,0.0543916988602329,-0.070142429115848,0.0954046512820181,-0.0805574489089109,-0.111100401788723,0.049708644655217,0.0590913002645409,0.0616484097981377,0.0277243272581867,0.0262339650780647,-0.1355570904094758,-0.1838387786555057,0.0728668353114343,0.041576164963866,0.0297431157614877,0.0586031571854302,0.0849300943039512,-0.0247826506206532,-0.1506527673905617,-0.0652489151396545,-0.0865497445098578,-0.2788777694074638,0.0286163801917265,-0.0592633473897661,0.0537625957790766,-0.0576466094218223,Durango,"{""type"":""MultiPoint"",""coordinates"":[]}",-0.25071855830402595,-0.16143709471875795
000200000000000000a2,0.0177559667577223,-0.1840487056882431,0.0864929165442165,0.0373094998859745,-0.0765677978311139,-0.158322638877126,-0.0511294770572833,0.0927344184417056,-0.013113574782245,-0.0831001015969424,0.117760802773911,-0.059086677786996,-0.2409717710553399,-0.0756050606197664,0.0898061104912221,-0.0040023522221613,-0.1068184749780164,0.020713582498571,-0.0653834257634579,-0.1428455355799399,-0.117629135032168,0.0906400243011046,0.1830150963407033,-0.0460087317374674,-0.1093129265307753,-0.0355998894176001,0.0882697518736231,0.0728407188235927,-0.0899607143719547,0.0691406426640968,0.0331936139487625,0.0232848356409106,-0.0265343723701093,-0.0031441588422565,0.1019932802220605,-0.0763846829382713,0.036027641967469,-0.0451712098920802,0.068270869747252,-0.0633662894710067,0.034394687795577,-0.0697162804923918,-0.2240418737877671,0.1295685305201035,-0.0105752890309307,-9.220996996766632e-05,0.0120732923145967,-0.0024065955094905,-0.1736222703587518,-0.1954568727789657,0.0833338413665663,0.1449595340392707,-0.0029625384613091,0.0598678849201693,0.0820096078620161,0.0005856415077647646,-0.0809063278368146,-0.0617520518353459,-0.1875339483561667,-0.3579085926902927,-0.0332311720248886,-0.0776133969372852,0.0404627607912156,0.0111447594275188,Guanajuato,"{""type"":""MultiPoint"",""coordinates"":[]}",-0.36186315398101004,0.014757810097894113
000200000000000000a3,-0.0130230966280646,-0.1152751958635603,0.0869216253238264,-0.0911923686203206,-0.0646707430556046,-0.1704855710115128,-0.0299116415623219,0.1619697892571432,-0.0280421930396118,-0.0127916827341747,0.0469068475919176,0.0541965099958476,-0.262871477731747,-0.016356003201599,0.0039018281673035,0.0063391112025689,-0.0335232126686758,0.0638754263750377,-0.1593399717649495,-0.0690250328238744,-0.2384702968030298,0.0724338094196075,0.127091595049319,-0.0828339473516326,0.0135310350753977,-0.0440512859093326,0.0806361404193145,0.0613938060890689,-0.1723678784014849,0.0706909450188603,0.0290042989273749,0.1024352710051576,0.0204279799057992,0.0400478274532058,-0.0043971706149632,-0.0850702797366034,0.0404792573371824,-0.0348764777541824,0.1171760499836335,-0.0925072608408006,0.0579298826706947,-0.1781190623633132,-0.1487624232624296,0.2348294805430419,0.0209780561515867,0.0015972107109116,-0.0533905754838559,0.0743831206210828,-0.0723782789577542,-0.0861357473261209,0.0844329259918966,0.00048729916107770696,0.0602059489614853,0.0166179615348465,0.0718403051208722,-0.0300241653129372,-0.0270123837612283,-0.0797309422422538,-0.1139039229981781,-0.2702048820754092,0.0999962626462526,-0.109389547369442,0.0067361750859069,-0.0804983471631472,Guerrero,"{""type"":""MultiPoint"",""coordinates"":[]}",-0.08273344717327738,0.2554511969491476
000200000000000000a4,0.040247974226323,-0.1403729686592921,0.063033852634049,0.0448827159606233,-0.0329718079603934,-0.1689912014876935,-0.0543918204119118,0.0990757129124893,0.0015974445657336,-0.0351436725335412,0.0924948075761752,-0.0521366899649362,-0.262340254142501,-0.0319829602461046,0.0568146873852992,-0.0437313757081298,-0.0742648765142639,0.0555531021069307,-0.0796179982907432,-0.142904651351271,-0.1792955304035765,0.0930832490692982,0.0936877447755499,-0.1007120666962986,-0.0841147566283413,-0.0134645261485347,0.0971215500637193,0.0234562784654569,-0.1091269190412714,0.0671685852610164,0.040005372607999,0.0421554103390199,0.0269006249284885,0.0497805707257906,0.0150913807572398,-0.0656563065883478,0.0310967556692204,-0.0712873446298188,0.0208902202383212,-0.058199317799871,0.0122821568017042,-0.0708798414351817,-0.1713822812501348,0.1460515012367214,-0.0227718895880005,-0.0156483064162526,-0.0328107559544388,0.0425573876967611,-0.1235655855981028,-0.1163613941793791,0.067914962738298,0.0121751657810225,0.015593800168969,0.0757055961647367,0.0937973318660359,-0.038371718954855,-0.0505316975113779,-0.073129457706536,-0.1409640553367397,-0.3372496158463642,0.0186516658954154,-0.1029635190837444,0.0060867929010905,-0.0326550630240922,Hidalgo,"{""type"":""MultiPoint"",""coordinates"":[]}",-0.20950368327949917,0.07532704826514827
000200000000000000a5,0.0226155036782358,-0.1310445074942493,0.0728842422786166,-0.0437402237272711,-0.0623276087825346,-0.1602392475081868,-0.0223722722155162,0.1431621517716831,-0.0231127608569315,-0.0674354089462927,0.0922914948570777,-0.004479571005438,-0.255236406776491,-0.0238896798236401,0.0633735388019019,0.0147027980324557,-0.0821694344229392,0.044729307004653,-0.1080619039629192,-0.1181528230660375,-0.1778723742049957,0.0537614216918768,0.1989186495738501,-0.0779957106960302,-0.0442005091923538,-0.0518201455242807,0.0870286886241347,0.0811918189466126,-0.108258102300552,0.0647719875325309,0.0237163526527308,0.0828501464890213,-0.0119122644277575,0.0168442122374658,0.0455639749760584,-0.1065420205527074,0.0381510510370414,-0.0237456455974113,0.0951611427114346,-0.0788922327305861,0.0638065313978396,-0.1283454453339629,-0.1801537539374971,0.1837849342545295,0.0244949590303253,0.0212140911786734,-0.0212561854240148,0.0200293382483449,-0.1058116351449966,-0.1296249282360851,0.0814556868096835,0.0774369999606603,0.018327825854648,0.0301727966369537,0.0673413660761079,-0.0328283835588691,-0.0611736640320129,-0.0501591547967627,-0.1330374380984079,-0.3241681696446061,0.0662888512074261,-0.0991554005858079,0.0177070412730938,-0.0433081530995801,Jalisco,"{""type"":""MultiPoint"",""coordinates"":[]}",-0.22515692584151947,0.14118326881543428
000200000000000000a6,0.0378611123774642,-0.1874116565612136,0.0685217139297397,-0.0106313263750176,-0.0480549112375423,-0.1303949114015412,-0.0180710718823743,0.08251567231945,-0.0089790917243857,-0.0259864427550754,0.1175143257209849,-0.0704938121619043,-0.2562346145863533,-0.0221030341870374,0.0456146325721153,-0.0330698507709636,-0.1470210052598966,0.0127723370213564,-0.0661926932611764,-0.1654117229287158,-0.1092942573966207,0.0269356079082499,0.1881388433619358,-0.1278785288141809,-0.0677942329594351,-0.0340179591712195,0.0504374337482667,0.051422081995292,-0.0975811071038846,0.029434058208599,0.0177056887906085,0.0692378914375992,-0.049367445298324,0.0183781856450092,0.0499106262825563,-0.1058274195600716,0.0264394044049951,-0.060908558243201,0.0352804454297161,-0.0943822030980627,-0.00544526933229,-0.1027439722226731,-0.2306986201955293,0.1384858864222421,0.0031718146707427,0.0055319632024468,-0.0384730837039257,0.0528092279573498,-0.1423810310735868,-0.1298211449480431,0.0868338078064925,0.0834554913867795,0.0243726090388391,0.0715422779872377,0.0971724660477887,-0.0736529022869192,-0.060289259268441,-0.0280560121910419,-0.1672812247495733,-0.3288641766323346,0.0547925290581751,-0.0924868791108315,-0.0226100087267771,-0.0690840506366349,Mexico,"{""type"":""MultiPoint"",""coordinates"":[]}",-0.3477545056380706,0.12623994955282813
000200000000000000a7,0.0134931809696361,-0.1320533361659786,0.0847045875977309,-0.0556768821331357,-0.074103017883555,-0.1663819872790609,-0.0371035478763415,0.14995938542621,-0.0253378042531576,-0.0358610959503887,0.0858520509564612,0.0234488703885613,-0.2463077781501283,-0.0334122878789505,0.030987723302288,0.0296078968271819,-0.0617609109193161,0.023770771969245,-0.1232584659719109,-0.1051434449014391,-0.2053058748489035,0.0823933531890177,0.1777369217389691,-0.0700232040371683,-0.010078139496844,-0.0513393816144649,0.0653951533308119,0.0688754318647192,-0.1238697161300145,0.0770267929330521,0.0179927604974246,0.0763354183911949,-0.0093508919226595,0.0187573111703924,0.0501259812319019,-0.0938021279895395,0.0213462047010978,-0.0415718490126331,0.0984005678939265,-0.0846405038243883,0.0454402313623702,-0.116160504233589,-0.1832891794916507,0.2266938106131108,0.0147710346919265,0.0163041127781941,-0.0394944057008183,0.0542568758185229,-0.1058991068773674,-0.1173297164214918,0.0732510371443155,0.057005649296896,0.0497497582433546,0.0359676509847185,0.065792392601086,-0.0616283940535795,-0.0240665448601706,-0.0609321025092396,-0.1472717564917305,-0.3008927196985714,0.0595423520899238,-0.0965896684120179,0.0127569683476249,-0.0478154057820523,Michoacan,"{""type"":""MultiPoint"",""coordinates"":[]}",-0.18158204839905956,0.19564288383474848
000200000000000000a8,0.0102288385747669,-0.1537658475779998,0.0828141575560121,-0.0485194262086855,-0.0511521681451213,-0.1810309260701572,-0.0473858488360951,0.1254905005358827,-0.0717264371218939,-0.0268841333131012,0.0854332662173231,-0.010659200588499,-0.3059658632996318,-0.0622471882898402,0.0315072710034406,0.0119745898861955,-0.1215142707955145,0.0196499137087099,-0.1006056296764231,-0.1148916160062645,-0.2238790661339692,0.1065840807071274,0.1708431314512913,-0.0784180875083658,-0.0306737878860454,0.00012097942820044958,0.0501574666027832,0.0776474755121308,-0.1185011295266583,0.0466789185324799,-0.0066621452445451,0.0817373314343235,-0.0173566461171391,-0.0087886288010553,0.1071941127650556,-0.1015669299561949,0.0447921630040653,-0.0266973731813291,0.1141501201815235,-0.0780494899067458,-0.0018655303611907,-0.0814846225453003,-0.2158458811618852,0.1967251252910214,0.0548328215996262,0.0032830575740591,-0.0297462665123781,0.0243606233323928,-0.1351872067680433,-0.1028294329288739,0.0997309766421133,0.1268326750483807,0.051145005057913,-0.0040923452707882,0.0876170590386381,-0.0064084795656987,-0.0502116433236738,-0.0610893798394668,-0.1850801071410688,-0.2844569703913119,0.0744086037285392,-0.1561486209355393,0.0016894884170971,-0.0361730790162915,Morelos,"{""type"":""MultiPoint"",""coordinates"":[]}",-0.2825624592579993,0.1901649276330642
000200000000000000a9,0.0183592932425113,-0.118291660218572,0.0839936097877419,-0.0897812769548817,-0.092462119271386,-0.1529919390967226,-0.0132536312716238,0.1649354372876455,-0.0498588692351232,-0.0204190550649729,0.0542677200425566,0.0667500393423828,-0.2502122359047809,0.0040901361777872,0.0460941495020968,0.0740533335837236,-0.0607552836417243,0.0793881962499769,-0.1345232704571853,-0.0765529667131279,-0.1948665607167858,0.0678220668478408,0.1619516565229273,-0.0882199657074544,0.0034362650151452,-0.0462916066934148,0.0493659083094636,0.1068172929123652,-0.1142893860561073,0.0849807454339262,0.0796910132816863,0.1041182898831351,0.0284937420089399,0.0415313637057427,-0.0136994403348499,-0.0490637549584053,0.0481493203389539,0.015153942278555,0.1161070128106268,-0.0804265328698208,0.092361107396896,-0.1536840630589822,-0.0988225674999401,0.2018421259236948,0.0640965507587693,0.0391997695880107,-0.0295284112142543,0.0500140428254676,-0.0252399724319946,-0.0783422693242848,0.0721799687288763,0.0018819429155902,0.0202665672707151,0.029448572624217,0.0531151507582193,-0.0816936978311916,-0.0487821798609922,-0.0768009636599569,-0.1092982870786758,-0.2848441849582036,0.1427208412897686,-0.1175073274915412,0.0098240464287352,-0.0559660469082838,Nayarit,"{""type"":""MultiPoint"",""coordinates"":[]}",-0.025955955031498276,0.1907560519383772
000200000000000000aa,0.1064567021027396,-0.0790079062378036,-0.0136203205988941,0.1919162549870462,-0.0138067509186757,-0.1401243024257115,-0.0888976599817773,0.0785589853229469,-0.0988800367258734,-0.0096240316925288,0.018927330238995,-0.0159574574835225,-0.2070120164925773,-0.1305096825466782,0.0398515744176758,-0.0161435329730432,-0.027029927638164,0.1980346211021527,0.0045104029946084,-0.1505721647821616,-0.2016067052669027,0.0287192554686121,-0.0113013078569815,0.0347335451525819,-0.1066555402137204,0.0780500227995528,0.0191717503830883,0.0353148200838197,-0.0678971166298979,0.1326846611313395,0.0993522114142682,-0.02804767426411,0.1134861526701176,-0.0266887820076306,0.0090693353849579,0.0861174078821059,0.0288760043739569,-0.0758994366108803,-0.0060581092830245,0.0871709273993016,0.1756581810940271,-0.1182979623569046,-0.0323372692440354,0.044529357363895,-0.0028463451114609,0.0224975013507709,0.0223653360127581,-0.0247076520192869,0.0047167870468855,-0.1314472175655383,0.0305624496273531,-0.0344238290334888,-0.0589590878492881,0.0731416763979177,0.0220785546076603,-0.0281790311086687,-0.0994546279538147,-0.0562570464516671,-0.0548707034055408,-0.2550624853492887,-0.0152726526435809,0.0145316131567376,0.0852924085756152,0.0947078871731528,Nuevo Leon,"{""type"":""MultiPoint"",""coordinates"":[]}",0.10915025145324861,-0.3331756078325347
000200000000000000ab,0.0254377928851124,-0.1081768432018518,0.0664201068549492,-0.0184376352068328,-0.0489917876378576,-0.142549622431738,-0.0105336865019645,0.1021315637484119,0.0054508038423717,0.0070046108637887,0.0346827781736114,0.0246273247313648,-0.2472283420333179,0.0040232551753064,0.0020903646565751,-0.0353181258807827,0.0011112295762505,0.0583291512109506,-0.1426875599254206,-0.0767705738223705,-0.2040993546965988,0.0878834786440224,0.057830305660422,-0.0949180409602584,-0.0369671004421785,-0.0270233673061515,0.1022488709651139,-0.0160322321102604,-0.1493476215267518,0.0942628239000328,0.0453318508921324,0.0273844907530717,0.0201339737598672,0.037437877824444,-0.0448532672842542,-0.063665928268578,0.0383618896223532,-0.0900680492897277,0.0280274324955124,-0.0642970503319217,0.0531277541997529,-0.1408493615754501,-0.1159897278833883,0.2044799986744818,-0.0643067120114878,-0.0094989008536178,-0.0857131107082083,0.0683178039050818,-0.0725674479942819,-0.0793155884803693,0.0423846773938563,-0.0886866561448672,0.0667056806321924,0.0818007545134201,0.0559368780437115,-0.0278911314055137,0.0137230368658668,-0.064578534037708,-0.1292492539343379,-0.2972835802587765,0.0460314983953923,-0.094330466827195,0.0014572432348964,-0.0621369098514346,Oaxaca,"{""type"":""MultiPoint"",""coordinates"":[]}",0.005434838513266011,0.18330211855252818
000200000000000000ac,0.0177559896919546,-0.1365795455328176,0.0559867736396682,0.0372827099298385,-0.0381374980607798,-0.1746527767041734,-0.0383343721206234,0.0762406585462414,-0.0141192573497078,-0.0333538764215837,0.0876777436321187,-0.0418189011179698,-0.2684381012403523,-0.0476447973465798,0.0372015929285708,-0.0414325012486641,-0.0621183603890539,0.0455817813194068,-0.0920565526456221,-0.1255042142512864,-0.1771194184255561,0.0954886247535392,0.0814883816426302,-0.0897284767964478,-0.0842060742681337,-0.0082479987703852,0.0877297171246312,0.0228159130164763,-0.114945858527349,0.0707276089067439,0.0328114053369595,0.0339895422677237,0.0102529918516903,0.0267191795983173,0.038189140397741,-0.0834876733455787,0.0626188829593023,-0.0797671339821119,0.0118361107233006,-0.0460776121207073,0.0144642252673284,-0.0845996366874446,-0.1676289059602925,0.1427053293560903,-0.0302427269360585,-0.0239568298302008,-0.0358921909491367,0.0289712885277987,-0.1156642547553084,-0.127648629578617,0.0643995700301482,0.0230285946563533,0.0417216573312964,0.0789492349617639,0.0894887580777487,-0.0212054020824061,-0.0283632468105578,-0.0774152989486909,-0.157171597771907,-0.3352965849055351,0.0133447825870338,-0.1032128761131736,-0.0028157363192928,-0.0414762750883123,Puebla,"{""type"":""MultiPoint"",""coordinates"":[]}",-0.19713964483383284,0.07998157738071449
000200000000000000ad,0.0509890473178029,-0.1515000001270752,0.0427842712592722,0.0364018314207798,-0.0490407300263076,-0.1933199968086887,-0.0721519814823883,0.1114657078253203,-0.0231343453206408,-0.0571419525132485,0.1194725817113898,-0.0535537578704331,-0.2556154735594572,-0.0871804282401629,0.0677062986352598,-0.0298652295752117,-0.0739068419092544,0.0883737685876416,-0.0645913545211709,-0.1391403739334133,-0.1723055618278544,0.0873386350495979,0.1197867009482435,-0.0748051131589717,-0.0904894703932012,-0.0189158747235466,0.1016022878661808,0.0788634161162085,-0.0915143882215302,0.0664441148186686,0.0443557668232188,0.0719512665705839,0.025176361331744,0.0556352518139119,0.0588933077196634,-0.0782639565346372,0.0285043343954846,-0.0786142368680655,0.0523160998256137,-0.0490678261301646,0.0215471281970366,-0.0595255461992015,-0.1914057659585655,0.1374805438011692,0.0083507043497294,-0.0208354583701148,-0.0223050458155922,0.0261712285141664,-0.1476942423490177,-0.1516354202744284,0.069499820202015,0.0539947617687451,0.0059480202049668,0.0710830288268976,0.0800379033930354,-0.023295554123372,-0.0674566227822119,-0.0883144056579518,-0.1397280229551337,-0.3454066303464044,0.0027517477238291,-0.0968995218776428,0.0121452780844217,-0.0095735071037824,Queretaro,"{""type"":""MultiPoint"",""coordinates"":[]}",-0.2698295085650076,0.027225817719240732
000200000000000000ae,0.0507482354078172,-0.1282972632107233,0.0300424851694229,0.1468532555773642,-0.0342550580545524,-0.1484090435421624,-0.0735182320178136,0.0805751131692524,-0.0333587597360394,-0.0585916269333082,0.1067093856255471,-0.0484781772194184,-0.2262247436420917,-0.0998216226426969,0.0893608068431975,-0.0019378581171765,-0.0381557206031482,0.1365319093668431,0.0206371490302726,-0.1464782471687643,-0.1580017472601623,0.1087083819504128,0.0853775767888915,-0.0275658323926087,-0.1426988701375163,0.0026392441923524,0.1023945130810932,0.0575398528361934,-0.1315363159575111,0.1036092957939049,0.0769878036168292,-0.0120413761162714,0.0497377061347321,0.0046601687567688,0.0581306333233547,-0.0291592233305107,0.0510651064561834,-0.0910714291947533,-0.0083468093344451,0.000762857912172452,0.1219833441290194,-0.0787640219085403,-0.1161023732494223,0.0883447459686617,-0.0553411035288487,-0.0119475377179951,0.0198084630456597,-0.0405469780888977,-0.0978496679276675,-0.1804552947286405,0.0354915739106978,0.0139073495817843,-0.0276078358842878,0.0766207857242574,0.0799482964362223,0.0096634243993204,-0.1057872870735214,-0.0751845116434324,-0.1050495244130763,-0.3523382967935735,-0.028236146220434,-0.0309886258682815,0.0911082213381993,0.0429303508365668,San Luis Potosi,"{""type"":""MultiPoint"",""coordinates"":[]}",-0.13022558020230066,-0.16533128662764784
000200000000000000af,0.1268030577204469,0.0748580556149278,0.0333398910962748,0.0125375756409958,-0.0649471616964059,-0.0771617842433794,-0.0608469216355067,0.1520873441672192,-0.1353798670029405,-0.0788018022194591,0.1116119283449082,0.0385878928636197,-0.2188449658694995,-0.1061856621415262,0.0926665435134619,0.1052459306036532,-0.0371747246318289,0.1207366939723211,0.0316015598204779,-0.0346701459239124,-0.1377532752320887,-0.0404974988391462,-0.0006002399529667621,0.0220917841294187,-0.0865809107707496,0.0679436883956592,-0.0156543244448077,0.017245629489705,0.062439104725025,0.1002345204483763,0.112062817106047,-0.0017103204137071,0.0788030171987026,-0.0781991126434145,-0.0169421086716252,0.0222982358736449,0.0391882072117924,0.0113232797548766,-0.0266335933018309,0.0272804189747075,0.2160956458835185,-0.0723133650306449,0.0846931995190103,-0.0490893093111952,0.0552001588556134,0.0981717874539786,0.0471054300199267,0.0245767536835292,-0.0205029183008554,-0.1527261193468178,-0.0230888648231013,-0.0283736350273536,0.098336417555867,0.008674597064984,0.0205209318284225,-0.0136586066771481,-0.013941653654546,-0.0840701017371547,-0.075692306216382,-0.1579545214050754,0.0250974311912722,0.0062134236285713,0.0522957354487129,0.0060637974905981,Sonora,"{""type"":""MultiPoint"",""coordinates"":[]}",0.20330378417835632,-0.4558996790741933
000200000000000000b0,-0.0365381073939478,-0.0327704154762222,0.0374940059272854,-0.0439625409134485,-0.171669700812563,0.028761563203593,0.2094106147494149,0.0461746217751446,-0.1323733903963185,0.1227837144642815,0.0292427552162738,0.0920325521694465,-0.1857819595591129,0.0946425666721605,0.0343325290386756,0.1144829400924301,-0.0067705145876627,0.0274914493155531,-0.1148610758026087,-0.0458069293892909,-0.3019814698718047,0.214039550734876,-0.0318521188271532,0.0015336993775407,-0.0400048291122262,0.1565850384366947,0.1062893436129257,-0.0951130504447582,-0.1262732936384623,0.1594516273923838,0.051550529865886,-0.0463506940732214,0.02306770277845,0.0411367883877435,-0.0406266867065532,0.0768180637592187,0.0761220959362774,-0.0053827242320563,-0.0133084678318705,-0.0224777772380412,0.0826158848961111,-0.0911482969389624,0.0379567224402961,0.2346440062459345,-0.1043246934847446,0.0387057476662757,-0.1101080062783667,-0.09198340812082,0.0094886899842675,0.0522154286696891,-0.062665953697338,-0.138739948066755,0.0052131103461319,0.0885240996885959,0.0727874860670586,0.0136806275191882,-0.0243214409699769,-0.0181957727680164,-0.0544509465875957,-0.2188136823384214,0.0612992747014938,-0.0996792071284794,-0.0355014697258435,-0.0218149170472732,Tabasco,"{""type"":""MultiPoint"",""coordinates"":[]}",0.47112237043981847,0.20750001032906873
000200000000000000b1,0.0462776272672832,-0.0726951080767219,0.0251612037747546,0.1365432629052508,-0.0832707388136481,-0.139868370707218,-0.0709239511756728,0.1158573421636538,-0.1233347453685281,0.0236486068320297,0.0294040746948329,0.0688449378640598,-0.1859881149206112,-0.0469811672463972,0.0372615211664001,0.0337615914757494,-0.0587402663895531,0.2160699976773924,-0.0463699916517428,-0.1070780095597399,-0.2302020441941039,0.1426431745632272,-0.0134783682969244,0.0132313130991565,-0.0621078752545494,0.0729475894767517,0.0158513062622169,-0.0103594847651664,-0.1116174052515131,0.1354777466725346,0.0806121521041118,-0.0289077381278479,0.1256605907204944,0.0106420318691335,-0.0406083363093561,0.1675499862086803,0.0069017007513436,-0.0017647775572733,0.0180557798346473,0.0546673073914664,0.1185957789079082,-0.1212575769781681,-0.0234130500564455,0.0708731395304156,-0.0797577511662124,0.0243350471049043,0.0219607393688296,-0.0452866119863195,0.0673687607006891,-0.0257329570048719,0.0732914173302374,-0.035749383895198,-0.0824070353310451,0.1284531521692651,-0.0125478161855452,-0.0417869800853858,-0.0720221634535532,-0.0028319685575924,-0.0608055147244497,-0.2086162312692082,-0.0068420641805917,-0.0197556180360133,0.0616838454858251,0.1097361950163097,Tamaulipas,"{""type"":""MultiPoint"",""coordinates"":[]}",0.264831247235847,-0.1578500800050566
000200000000000000b2,0.0077509728372471,-0.2006065199510518,0.0801110117752294,0.013104000932963,-0.0611023154274903,-0.1177303321463926,-0.024782158561985,0.0161835992643053,0.0290781166250834,-0.0158658184719977,0.1277708819729098,-0.1216770950716127,-0.2631316305907686,-0.027854777857908,0.0538535307959378,-0.0491625357429867,-0.1941558102035585,-0.0273329728551941,-0.042386931340361,-0.1825830290693881,-0.0804235266001288,0.0528423831783741,0.1814952755686737,-0.1165214954444829,-0.1234623852822774,-0.0229567066512337,0.0258169702538217,0.0420877322287831,-0.0861906693370219,0.0110171456895178,0.020800721065327,0.0639319247473652,-0.0629030022742455,0.0056409884200373,0.074510708569325,-0.1072631618253062,0.0937134849031658,-0.049059013282422,0.0303419717680231,-0.0452654885503334,-0.0387696435372583,-0.0760718495462148,-0.228869301546276,0.0626911699421746,-0.0360638646966905,-0.0284016761916889,0.0147262659778946,0.0035669702900246,-0.1544832276168275,-0.1657771970979778,0.1121453817002385,0.1260133915682854,0.0408548640472121,0.0981106800904549,0.1138480678183705,-0.0292825962741169,-0.0397042890171098,-0.0477531460585557,-0.2160338307988084,-0.3747438683495115,0.0131744687602339,-0.0898739127592115,-0.0045844317280606,-0.0766984239958683,Tlaxcala,"{""type"":""MultiPoint"",""coordinates"":[]}",-0.43865177275426726,0.06763393858220972
000200000000000000b3,-0.0199595309243814,-0.0509451361370735,0.0506871467911711,0.0177440208647209,-0.1024813146943488,-0.0352381409805987,0.1008344363244724,0.0887349532363058,-0.0633426109529474,0.0712276903930538,0.0186914930037129,0.0999957515802941,-0.2141727139951293,0.0864734653772158,0.0367812092708753,0.0499711725018457,0.0078429612595704,0.0841379932835477,-0.0968275165104382,-0.06406830867131,-0.3122495780111604,0.240909064795832,-0.0385349183211405,-0.0895452107952381,-0.0692141248523137,0.1045743999656284,0.1031943472149841,-0.0868109037513722,-0.1740428019194898,0.1506944851890658,0.0740517049024338,-0.0399404347872055,0.0672395916397408,0.0577756040429263,-0.0466893844960608,0.0811440086689835,0.0287128816513831,-0.0307333612249177,-0.0183499327554962,-0.0414017734661311,0.0987955977289191,-0.0978513750040569,0.0003293104899493899,0.2414878751214434,-0.1182282664260622,0.0059055588579835,-0.0477687888396698,-0.0618476130985202,-0.0443567448730284,0.0215979270324756,0.0002112238709080606,-0.1454641330522583,0.0088790902718423,0.0875433956231651,0.0987667519680145,-0.0109897957110869,-0.0400867571427304,-0.0075978700145246,-0.0808553883071495,-0.2483408648999369,0.0527362211258176,-0.1222228443648284,-0.0044243060594953,-0.00985414282202,Veracruz,"{""type"":""MultiPoint"",""coordinates"":[]}",0.34133391045004924,0.18731034749062284
000200000000000000b4,0.0055713519761326,-0.0910422568444905,-0.0417435677388244,-0.0940708559047156,-0.2355854118085699,-0.125291631692095,0.1380916259595244,0.1319867300059087,-0.1496270576041902,0.0483497465490505,-0.0214367163776138,0.0826006748909493,-0.0931024791637312,0.017856051481707,-0.0942621791682045,0.1202151776860118,0.0096070918484285,0.1029488626815893,0.0059012359770945,0.0523833209608321,-0.2520166057453047,0.2012513788379324,0.223581689392337,-0.0885233260228461,-0.025637071849543,0.0192832230136257,0.1287714092000447,0.055914524214285,-0.1694379931688053,0.2614892783812864,0.040781918096113,-0.0492785896053564,0.10743965903903,-0.00020498230771848463,-0.1184706805852761,-0.0674107381330938,0.0054390874464163,-0.0339271172561786,0.0385383758213254,-0.0338026021347154,0.1457862506519705,-0.1476192113585462,0.0854459874413336,0.1726650020892263,-0.1023045419185165,-0.0270961161541732,-0.1267024225196358,-0.1331143827333881,0.1808473910065405,0.0469179122984744,-0.0576243496231085,-0.1354972377102235,-0.0988484883667984,0.0895093272512338,-0.0654137969919896,0.0496144591004447,0.0460239358360768,-0.0444644275950697,-0.1010274971325818,-0.2425920552699331,0.1105611129681474,-0.0781912512764071,-0.1312646133129836,0.0558834418331752,Yucatan,"{""type"":""MultiPoint"",""coordinates"":[]}",0.5798120450455491,0.2863527966868165
000200000000000000b5,0.0337718103836538,-0.1280179021476983,0.0605590235958508,0.081126662888944,-0.0702834436989568,-0.1047595137329861,-0.0514551644203424,0.0925194075531643,0.0014534114264414,-0.095012794335126,0.1016372916080194,-0.0846443536324074,-0.2280475185660207,-0.088495663808455,0.1212557726094153,-0.0077981650635643,-0.121171308417242,0.103571330994318,-0.0007859844397998166,-0.1382735130587076,-0.0902413627899996,0.0380125102413891,0.1821770153708816,-0.0278341411484726,-0.1621085061116729,-0.0064498958874414,0.1037843155981765,0.0724788553241102,-0.0807018697666054,0.0543350537396666,0.0637587020231302,0.0480341571171859,-0.0177667716817048,-0.0245945247286523,0.1066564543169836,-0.0923834043863564,0.0784057433967365,-0.061543448159508,0.0597071062399414,-0.0452161216126278,0.121080636436546,-0.0914874216177524,-0.1618748197616751,0.0559271821667267,-0.0098768142999514,0.0228200576742014,0.0435151854677974,-0.0404255483993386,-0.1606480319056175,-0.2270865749251376,0.06705549924559,0.1161622566254097,0.0052456621928036,0.0696207724438014,0.1024375639406647,0.0456397279429587,-0.1402346330479329,-0.0570900372677092,-0.1282436369716904,-0.3432146780616424,-0.0484254764488192,-0.0258676668459893,0.0844780061655976,-0.0033395448788648,Zacatecas,"{""type"":""MultiPoint"",""coordinates"":[]}",-0.32885140819400327,-0.1683032402494712
000300000000000001b8,0.0036430276284809,-0.0626163421073415,-0.0367317692267473,-0.1155973876829187,-0.215258199565384,-0.0830240601306156,0.1044664085144397,0.0906398681648403,-0.1262212890334247,0.0886742686621267,-0.0013676798087427,0.1519174957552979,-0.1044786049821737,0.0097593395462849,-0.095545749985945,0.121003546575126,-0.0293204329248243,0.0191276086168798,-0.0154106486120789,0.008052195910166,-0.1899004550910706,0.158347147910102,0.2467812994472837,-0.0428298311634065,-0.05821097911774,0.0302747003159372,0.1232704996411026,0.0549094218531417,-0.1406434634942626,0.2357231832151806,0.0905247788937094,-0.0617926343264104,0.1265834503985178,-0.0053934722981845,-0.1090608295275962,-0.05472867213355,0.0735965985497448,-0.0704562177008267,-0.0405193605331662,0.0040385314044046,0.1242964139551035,-0.1110622739180756,0.1425124604278016,0.1916341171737916,-0.0357568011691785,-0.0749547222276258,-0.1412433559466941,-0.1004865085444808,0.2186986326087538,0.028704591281659,-0.0454158217252925,-0.1944776395334354,-0.0512640432564323,0.0742246653080135,-0.0531007325353871,-0.0093961832035678,0.0524732455746984,-0.03813031211511,-0.0998377199184958,-0.1404824705817072,0.0678471342200023,-0.1723133040169514,-0.1270092144845976,0.0360213990206459,Quintana Roo,"{""type"":""MultiPoint"",""coordinates"":[]}",0.6093399774233248,0.25614395867699696
000300000000000001b9,0.0202207002634972,-0.0862139242288413,0.0690153057075515,-0.0753029382137825,-0.1265164169358029,-0.1405238396344731,0.0004805812072720866,0.1669657560715708,-0.139808109415657,-0.0272356849365593,0.0845021218465586,0.1198263158987059,-0.2427904522270557,-0.0071583942319352,0.0433700365020961,0.1330084314523497,-0.0507209308339787,0.1099570436719099,-0.1229545910243954,-0.0522477124826857,-0.1610691327511025,0.1112054130648777,0.1246491938866454,-0.0279252793307562,0.0345643569584747,-0.0355250050050494,0.0088606522168837,0.1150005681945705,-0.0785025562475009,0.100080381134335,0.0860774670095773,0.0800574288063821,0.057792203565095,-0.0105526797745523,-0.0298138223710307,0.0365599590070066,0.0268191370784001,0.0332990429780405,0.0850602145768404,-0.0452089448352691,0.1492250464279418,-0.1617187195016318,-0.0204252466164788,0.1282245122945278,0.0514140662177073,0.0543141447855125,0.006964867115833,0.0368435420148503,0.055060766752671,-0.0435541174692984,0.0478852913647636,0.0198764732757952,0.0236526599796955,0.0361459166207557,-0.0059687536890232,-0.0873248478452932,-0.0379702653697838,-0.087575999273455,-0.1360515248987008,-0.2255357537652694,0.1406416009622962,-0.1117156707939751,0.0302503046774855,0.0307837204971824,Sinaloa,"{""type"":""MultiPoint"",""coordinates"":[]}",0.1590657540819218,0.06033332305304837
